MMSI,BaseDateTime,LAT,LON,SOG,COG,Heading,VesselName,IMO,CallSign,VesselType,Status,Length,Width,Draft,Cargo,TransceiverClass,IsTarget
999888001,2020-08-09T08:00:00,-20.795144,58.123188,14.8,314.9,313.8,MT SUSPICIOUS,9999001,DEMO1,Tanker,under way using engine,180,32,12.5,,A,true
999888002,2020-08-09T08:00:00,-20.16,57.498,15.9,145.7,144.6,DUBIOUS TRADER,9999002,DEMO2,Cargo,under way using engine,120,20,8.0,,A,false
999888003,2020-08-09T08:00:00,-20.502919,57.644321,6.5,0,10,FV QUESTIONABLE,,DEMO3,Fishing,under way using engine,25,8,8.0,,A,false
999888004,2020-08-09T08:00:00,-20.16,57.498,24.2,86.0,85.0,MAERSK PACIFIC,9999004,DEMO4,Cargo,under way using engine,120,20,8.0,,A,false
999888005,2020-08-09T08:00:00,-20.25,58.8,14.8,274.0,273.0,BULK HARMONY,9999005,DEMO5,Cargo,under way using engine,120,20,8.0,,A,false
999888006,2020-08-09T08:00:00,-19.95,57.6,17.0,172.9,171.8,GENERAL TRADER,9999006,DEMO6,Cargo,under way using engine,120,20,8.0,,A,false
999888007,2020-08-09T08:00:00,-20.05,57.85,10.4,126.7,125.7,FV NEPTUNE,,DEMO7,Fishing,under way using engine,25,8,8.0,,A,false
999888008,2020-08-09T08:00:00,-20.48,57.35,19.8,81.9,80.9,COAST GUARD 1,9999008,DEMO8,Other,under way using engine,25,8,8.0,,A,false
999888009,2020-08-09T08:00:00,-20.16,57.498,11.5,25.1,24.1,TUG MAURITIUS,,DEMO9,Tug,under way using engine,25,8,8.0,,A,false
999888010,2020-08-09T08:00:00,-20.65,57.55,23.1,8.0,7.0,MSC HORIZON,9999010,DEMO10,Cargo,under way using engine,120,20,8.0,,A,false
999888011,2020-08-09T08:00:00,-19.85,57.3,14.3,147.9,146.9,OCEAN TANKER,9999011,DEMO11,Tanker,under way using engine,180,32,12.5,,A,false
999888012,2020-08-09T08:00:00,-20.4,57.68,8.2,118.1,117.1,FV BLUE MARLIN,,DEMO12,Fishing,under way using engine,25,8,8.0,,A,false
999888013,2020-08-09T08:00:00,-20.1,57.75,17.6,122.6,121.6,ISLAND TRADER,9999013,DEMO13,Cargo,under way using engine,120,20,8.0,,A,false
999888001,2020-08-09T08:02:00,-20.787644,58.115142,13.9,314.9,312.3,MT SUSPICIOUS,9999001,DEMO1,Tanker,under way using engine,180,32,12.5,,A,true
999888002,2020-08-09T08:02:00,-20.168056,57.503869,14.9,145.7,143.1,DUBIOUS TRADER,9999002,DEMO2,Cargo,under way using engine,120,20,8.0,,A,false
999888003,2020-08-09T08:02:00,-20.502523,57.645579,6.7,2,12,FV QUESTIONABLE,,DEMO3,Fishing,under way using engine,25,8,8.0,,A,false
999888004,2020-08-09T08:02:00,-20.15,57.65,22.6,97.3,94.8,MAERSK PACIFIC,9999004,DEMO4,Cargo,under way using engine,120,20,8.0,,A,false
999888005,2020-08-09T08:02:00,-20.2425,58.6875,13.9,274.0,271.5,BULK HARMONY,9999005,DEMO5,Cargo,under way using engine,120,20,8.0,,A,false
999888006,2020-08-09T08:02:00,-19.958611,57.601148,15.9,172.9,170.3,GENERAL TRADER,9999006,DEMO6,Cargo,under way using engine,120,20,8.0,,A,false
999888007,2020-08-09T08:02:00,-20.055278,57.85754,9.8,126.7,124.2,FV NEPTUNE,,DEMO7,Fishing,under way using engine,25,8,8.0,,A,false
999888008,2020-08-09T08:02:00,-20.47,57.425,18.5,81.9,79.4,COAST GUARD 1,9999008,DEMO8,Other,under way using engine,25,8,8.0,,A,false
999888009,2020-08-09T08:02:00,-20.154167,57.500917,10.8,25.1,22.6,TUG MAURITIUS,,DEMO9,Tug,under way using engine,25,8,8.0,,A,false
999888010,2020-08-09T08:02:00,-20.638333,57.55175,21.6,8.0,5.5,MSC HORIZON,9999010,DEMO10,Cargo,under way using engine,120,20,8.0,,A,false
999888011,2020-08-09T08:02:00,-19.857222,57.304815,13.3,147.9,145.4,OCEAN TANKER,9999011,DEMO11,Tanker,under way using engine,180,32,12.5,,A,false
999888012,2020-08-09T08:02:00,-20.404167,57.688333,7.7,118.1,115.5,FV BLUE MARLIN,,DEMO12,Fishing,under way using engine,25,8,8.0,,A,false
999888013,2020-08-09T08:02:00,-20.108889,57.764815,16.4,122.6,120.1,ISLAND TRADER,9999013,DEMO13,Cargo,under way using engine,120,20,8.0,,A,false
999888001,2020-08-09T08:04:00,-20.780144,58.107096,12.4,314.9,319.7,MT SUSPICIOUS,9999001,DEMO1,Tanker,under way using engine,180,32,12.5,,A,true
999888002,2020-08-09T08:04:00,-20.176111,57.509738,13.3,145.7,150.4,DUBIOUS TRADER,9999002,DEMO2,Cargo,under way using engine,120,20,8.0,,A,false
999888003,2020-08-09T08:04:00,-20.50217,57.646865,6.8,4,14,FV QUESTIONABLE,,DEMO3,Fishing,under way using engine,25,8,8.0,,A,false
999888004,2020-08-09T08:04:00,-20.162222,57.751852,20.2,97.3,102.1,MAERSK PACIFIC,9999004,DEMO4,Cargo,under way using engine,120,20,8.0,,A,false
999888005,2020-08-09T08:04:00,-20.235,58.575,12.4,274.0,278.8,BULK HARMONY,9999005,DEMO5,Cargo,under way using engine,120,20,8.0,,A,false
999888006,2020-08-09T08:04:00,-19.967222,57.602296,14.3,172.9,177.6,GENERAL TRADER,9999006,DEMO6,Cargo,under way using engine,120,20,8.0,,A,false
999888007,2020-08-09T08:04:00,-20.060556,57.865079,8.7,126.7,131.5,FV NEPTUNE,,DEMO7,Fishing,under way using engine,25,8,8.0,,A,false
999888008,2020-08-09T08:04:00,-20.46,57.5,16.6,94.1,98.9,COAST GUARD 1,9999008,DEMO8,Other,under way using engine,25,8,8.0,,A,false
999888009,2020-08-09T08:04:00,-20.148333,57.503833,9.7,25.1,29.9,TUG MAURITIUS,,DEMO9,Tug,under way using engine,25,8,8.0,,A,false
999888010,2020-08-09T08:04:00,-20.626667,57.5535,19.3,8.0,12.8,MSC HORIZON,9999010,DEMO10,Cargo,under way using engine,120,20,8.0,,A,false
999888011,2020-08-09T08:04:00,-19.864444,57.30963,12.0,147.9,152.7,OCEAN TANKER,9999011,DEMO11,Tanker,under way using engine,180,32,12.5,,A,false
999888012,2020-08-09T08:04:00,-20.408333,57.696667,6.9,118.1,122.9,FV BLUE MARLIN,,DEMO12,Fishing,under way using engine,25,8,8.0,,A,false
999888013,2020-08-09T08:04:00,-20.117778,57.77963,14.7,122.6,127.4,ISLAND TRADER,9999013,DEMO13,Cargo,under way using engine,120,20,8.0,,A,false
999888001,2020-08-09T08:06:00,-20.772644,58.099051,12.4,314.9,310.4,MT SUSPICIOUS,9999001,DEMO1,Tanker,under way using engine,180,32,12.5,,A,true
999888002,2020-08-09T08:06:00,-20.184167,57.515607,13.3,145.7,141.1,DUBIOUS TRADER,9999002,DEMO2,Cargo,under way using engine,120,20,8.0,,A,false
999888003,2020-08-09T08:06:00,-20.501863,57.64818,7.0,6,16,FV QUESTIONABLE,,DEMO3,Fishing,under way using engine,25,8,8.0,,A,false
999888004,2020-08-09T08:06:00,-20.174444,57.853704,20.1,97.3,92.8,MAERSK PACIFIC,9999004,DEMO4,Cargo,under way using engine,120,20,8.0,,A,false
999888005,2020-08-09T08:06:00,-20.23,58.5,12.4,275.2,270.6,BULK HARMONY,9999005,DEMO5,Cargo,under way using engine,120,20,8.0,,A,false
999888006,2020-08-09T08:06:00,-19.975833,57.603444,14.2,172.9,168.4,GENERAL TRADER,9999006,DEMO6,Cargo,under way using engine,120,20,8.0,,A,false
999888007,2020-08-09T08:06:00,-20.065833,57.872619,8.7,126.7,122.2,FV NEPTUNE,,DEMO7,Fishing,under way using engine,25,8,8.0,,A,false
999888008,2020-08-09T08:06:00,-20.47,57.65,16.5,98.1,93.6,COAST GUARD 1,9999008,DEMO8,Other,under way using engine,25,8,8.0,,A,false
999888009,2020-08-09T08:06:00,-20.1425,57.50675,9.6,25.1,20.6,TUG MAURITIUS,,DEMO9,Tug,under way using engine,25,8,8.0,,A,false
999888010,2020-08-09T08:06:00,-20.615,57.55525,19.2,8.0,3.5,MSC HORIZON,9999010,DEMO10,Cargo,under way using engine,120,20,8.0,,A,false
999888011,2020-08-09T08:06:00,-19.871667,57.314444,11.9,147.9,143.4,OCEAN TANKER,9999011,DEMO11,Tanker,under way using engine,180,32,12.5,,A,false
999888012,2020-08-09T08:06:00,-20.4125,57.705,6.9,118.1,113.6,FV BLUE MARLIN,,DEMO12,Fishing,under way using engine,25,8,8.0,,A,false
999888013,2020-08-09T08:06:00,-20.126667,57.794444,14.6,122.6,118.1,ISLAND TRADER,9999013,DEMO13,Cargo,under way using engine,120,20,8.0,,A,false
999888001,2020-08-09T08:08:00,-20.765144,58.091005,13.8,314.9,316.7,MT SUSPICIOUS,9999001,DEMO1,Tanker,under way using engine,180,32,12.5,,A,true
999888002,2020-08-09T08:08:00,-20.192222,57.521476,14.8,145.7,147.5,DUBIOUS TRADER,9999002,DEMO2,Cargo,under way using engine,120,20,8.0,,A,false
999888003,2020-08-09T08:08:00,-20.501603,57.64952,7.2,8,18,FV QUESTIONABLE,,DEMO3,Fishing,under way using engine,25,8,8.0,,A,false
999888004,2020-08-09T08:08:00,-20.18,57.9,22.4,94.1,96.0,MAERSK PACIFIC,9999004,DEMO4,Cargo,under way using engine,120,20,8.0,,A,false
999888005,2020-08-09T08:08:00,-20.2225,58.4125,13.8,275.2,277.0,BULK HARMONY,9999005,DEMO5,Cargo,under way using engine,120,20,8.0,,A,false
999888006,2020-08-09T08:08:00,-19.984444,57.604593,15.8,172.9,174.7,GENERAL TRADER,9999006,DEMO6,Cargo,under way using engine,120,20,8.0,,A,false
999888007,2020-08-09T08:08:00,-20.071111,57.880159,9.7,126.7,128.6,FV NEPTUNE,,DEMO7,Fishing,under way using engine,25,8,8.0,,A,false
999888008,2020-08-09T08:08:00,-20.48,57.725,18.3,98.1,100.0,COAST GUARD 1,9999008,DEMO8,Other,under way using engine,25,8,8.0,,A,false
999888009,2020-08-09T08:08:00,-20.14,57.508,10.7,118.0,119.9,TUG MAURITIUS,,DEMO9,Tug,under way using engine,25,8,8.0,,A,false
999888010,2020-08-09T08:08:00,-20.603333,57.557,21.4,8.0,9.9,MSC HORIZON,9999010,DEMO10,Cargo,under way using engine,120,20,8.0,,A,false
999888011,2020-08-09T08:08:00,-19.878889,57.319259,13.2,147.9,149.8,OCEAN TANKER,9999011,DEMO11,Tanker,under way using engine,180,32,12.5,,A,false
999888012,2020-08-09T08:08:00,-20.416667,57.713333,7.6,118.1,120.0,FV BLUE MARLIN,,DEMO12,Fishing,under way using engine,25,8,8.0,,A,false
999888013,2020-08-09T08:08:00,-20.135556,57.809259,16.3,122.6,124.5,ISLAND TRADER,9999013,DEMO13,Cargo,under way using engine,120,20,8.0,,A,false
999888001,2020-08-09T08:10:00,-20.757644,58.082959,14.8,314.9,316.6,MT SUSPICIOUS,9999001,DEMO1,Tanker,under way using engine,180,32,12.5,,A,true
999888002,2020-08-09T08:10:00,-20.200278,57.527345,15.9,145.7,147.4,DUBIOUS TRADER,9999002,DEMO2,Cargo,under way using engine,120,20,8.0,,A,false
999888003,2020-08-09T08:10:00,-20.501395,57.650883,7.3,10,20,FV QUESTIONABLE,,DEMO3,Fishing,under way using engine,25,8,8.0,,A,false
999888004,2020-08-09T08:10:00,-20.192222,58.083333,24.2,94.1,95.9,MAERSK PACIFIC,9999004,DEMO4,Cargo,under way using engine,120,20,8.0,,A,false
999888005,2020-08-09T08:10:00,-20.215,58.325,14.8,275.2,276.9,BULK HARMONY,9999005,DEMO5,Cargo,under way using engine,120,20,8.0,,A,false
999888006,2020-08-09T08:10:00,-19.993056,57.605741,17.0,172.9,174.6,GENERAL TRADER,9999006,DEMO6,Cargo,under way using engine,120,20,8.0,,A,false
999888007,2020-08-09T08:10:00,-20.076389,57.887698,10.4,126.7,128.5,FV NEPTUNE,,DEMO7,Fishing,under way using engine,25,8,8.0,,A,false
999888008,2020-08-09T08:10:00,-20.49,57.8,19.8,86.0,87.7,COAST GUARD 1,9999008,DEMO8,Other,under way using engine,25,8,8.0,,A,false
999888009,2020-08-09T08:10:00,-20.145833,57.519667,11.5,118.0,119.8,TUG MAURITIUS,,DEMO9,Tug,under way using engine,25,8,8.0,,A,false
999888010,2020-08-09T08:10:00,-20.591667,57.55875,23.1,8.0,9.8,MSC HORIZON,9999010,DEMO10,Cargo,under way using engine,120,20,8.0,,A,false
999888011,2020-08-09T08:10:00,-19.886111,57.324074,14.3,147.9,149.7,OCEAN TANKER,9999011,DEMO11,Tanker,under way using engine,180,32,12.5,,A,false
999888012,2020-08-09T08:10:00,-20.42,57.72,8.2,212.0,213.7,FV BLUE MARLIN,,DEMO12,Fishing,under way using engine,25,8,8.0,,A,false
999888013,2020-08-09T08:10:00,-20.144444,57.824074,17.6,122.6,124.4,ISLAND TRADER,9999013,DEMO13,Cargo,under way using engine,120,20,8.0,,A,false
999888001,2020-08-09T08:12:00,-20.750144,58.074913,14.2,314.9,310.4,MT SUSPICIOUS,9999001,DEMO1,Tanker,under way using engine,180,32,12.5,,A,true
999888002,2020-08-09T08:12:00,-20.208333,57.533214,15.3,145.7,141.2,DUBIOUS TRADER,9999002,DEMO2,Cargo,under way using engine,120,20,8.0,,A,false
999888003,2020-08-09T08:12:00,-20.501238,57.652267,7.5,12,22,FV QUESTIONABLE,,DEMO3,Fishing,under way using engine,25,8,8.0,,A,false
999888004,2020-08-09T08:12:00,-20.2,58.2,23.2,86.0,81.5,MAERSK PACIFIC,9999004,DEMO4,Cargo,under way using engine,120,20,8.0,,A,false
999888005,2020-08-09T08:12:00,-20.2075,58.2375,14.2,275.2,270.7,BULK HARMONY,9999005,DEMO5,Cargo,under way using engine,120,20,8.0,,A,false
999888006,2020-08-09T08:12:00,-20.001667,57.606889,16.3,172.9,168.4,GENERAL TRADER,9999006,DEMO6,Cargo,under way using engine,120,20,8.0,,A,false
999888007,2020-08-09T08:12:00,-20.081667,57.895238,10.0,126.7,122.3,FV NEPTUNE,,DEMO7,Fishing,under way using engine,25,8,8.0,,A,false
999888009,2020-08-09T08:12:00,-20.15,57.528,11.0,205.1,200.7,TUG MAURITIUS,,DEMO9,Tug,under way using engine,25,8,8.0,,A,false
999888010,2020-08-09T08:12:00,-20.58,57.5605,22.1,8.0,3.5,MSC HORIZON,9999010,DEMO10,Cargo,under way using engine,120,20,8.0,,A,false
999888011,2020-08-09T08:12:00,-19.893333,57.328889,13.7,147.9,143.5,OCEAN TANKER,9999011,DEMO11,Tanker,under way using engine,180,32,12.5,,A,false
999888012,2020-08-09T08:12:00,-20.424167,57.717222,7.9,212.0,207.5,FV BLUE MARLIN,,DEMO12,Fishing,under way using engine,25,8,8.0,,A,false
999888013,2020-08-09T08:12:00,-20.153333,57.838889,16.8,122.6,118.2,ISLAND TRADER,9999013,DEMO13,Cargo,under way using engine,120,20,8.0,,A,false
999888001,2020-08-09T08:14:00,-20.742644,58.066867,12.7,314.9,319.7,MT SUSPICIOUS,9999001,DEMO1,Tanker,under way using engine,180,32,12.5,,A,true
999888002,2020-08-09T08:14:00,-20.216389,57.539083,13.6,145.7,150.5,DUBIOUS TRADER,9999002,DEMO2,Cargo,under way using engine,120,20,8.0,,A,false
999888003,2020-08-09T08:14:00,-20.501136,57.653668,7.6,14,24,FV QUESTIONABLE,,DEMO3,Fishing,under way using engine,25,8,8.0,,A,false
999888004,2020-08-09T08:14:00,-20.187778,58.383333,20.7,86.0,90.8,MAERSK PACIFIC,9999004,DEMO4,Cargo,under way using engine,120,20,8.0,,A,false
999888005,2020-08-09T08:14:00,-20.2,58.15,12.7,275.2,280.0,BULK HARMONY,9999005,DEMO5,Cargo,under way using engine,120,20,8.0,,A,false
999888006,2020-08-09T08:14:00,-20.010278,57.608037,14.6,172.9,177.7,GENERAL TRADER,9999006,DEMO6,Cargo,under way using engine,120,20,8.0,,A,false
999888007,2020-08-09T08:14:00,-20.086944,57.902778,8.9,126.7,131.5,FV NEPTUNE,,DEMO7,Fishing,under way using engine,25,8,8.0,,A,false
999888009,2020-08-09T08:14:00,-20.155833,57.525083,9.9,205.1,210.0,TUG MAURITIUS,,DEMO9,Tug,under way using engine,25,8,8.0,,A,false
999888010,2020-08-09T08:14:00,-20.568333,57.56225,19.7,8.0,12.8,MSC HORIZON,9999010,DEMO10,Cargo,under way using engine,120,20,8.0,,A,false
999888011,2020-08-09T08:14:00,-19.900556,57.333704,12.2,147.9,152.8,OCEAN TANKER,9999011,DEMO11,Tanker,under way using engine,180,32,12.5,,A,false
999888012,2020-08-09T08:14:00,-20.428333,57.714444,7.0,212.0,216.8,FV BLUE MARLIN,,DEMO12,Fishing,under way using engine,25,8,8.0,,A,false
999888013,2020-08-09T08:14:00,-20.162222,57.853704,15.0,122.6,127.4,ISLAND TRADER,9999013,DEMO13,Cargo,under way using engine,120,20,8.0,,A,false
999888001,2020-08-09T08:16:00,-20.735144,58.058821,12.2,314.9,312.2,MT SUSPICIOUS,9999001,DEMO1,Tanker,under way using engine,180,32,12.5,,A,true
999888002,2020-08-09T08:16:00,-20.224444,57.544952,13.1,145.7,143.0,DUBIOUS TRADER,9999002,DEMO2,Cargo,under way using engine,120,20,8.0,,A,false
999888003,2020-08-09T08:16:00,-20.50109,57.655085,7.8,16,26,FV QUESTIONABLE,,DEMO3,Fishing,under way using engine,25,8,8.0,,A,false
999888005,2020-08-09T08:16:00,-20.2,58.15,12.2,274.5,271.9,BULK HARMONY,9999005,DEMO5,Cargo,under way using engine,120,20,8.0,,A,false
999888006,2020-08-09T08:16:00,-20.018889,57.609185,14.0,172.9,170.2,GENERAL TRADER,9999006,DEMO6,Cargo,under way using engine,120,20,8.0,,A,false
999888007,2020-08-09T08:16:00,-20.092222,57.910317,8.6,126.7,124.1,FV NEPTUNE,,DEMO7,Fishing,under way using engine,25,8,8.0,,A,false
999888009,2020-08-09T08:16:00,-20.161667,57.522167,9.5,205.1,202.5,TUG MAURITIUS,,DEMO9,Tug,under way using engine,25,8,8.0,,A,false
999888010,2020-08-09T08:16:00,-20.556667,57.564,19.0,8.0,5.4,MSC HORIZON,9999010,DEMO10,Cargo,under way using engine,120,20,8.0,,A,false
999888011,2020-08-09T08:16:00,-19.907778,57.338519,11.8,147.9,145.3,OCEAN TANKER,9999011,DEMO11,Tanker,under way using engine,180,32,12.5,,A,false
999888012,2020-08-09T08:16:00,-20.4325,57.711667,6.8,212.0,209.3,FV BLUE MARLIN,,DEMO12,Fishing,under way using engine,25,8,8.0,,A,false
999888013,2020-08-09T08:16:00,-20.171111,57.868519,14.5,122.6,120.0,ISLAND TRADER,9999013,DEMO13,Cargo,under way using engine,120,20,8.0,,A,false
999888001,2020-08-09T08:18:00,-20.727644,58.050775,13.4,314.9,314.0,MT SUSPICIOUS,9999001,DEMO1,Tanker,under way using engine,180,32,12.5,,A,true
999888002,2020-08-09T08:18:00,-20.2325,57.550821,14.4,145.7,144.7,DUBIOUS TRADER,9999002,DEMO2,Cargo,under way using engine,120,20,8.0,,A,false
999888003,2020-08-09T08:18:00,-20.501102,57.656514,7.9,18,28,FV QUESTIONABLE,,DEMO3,Fishing,under way using engine,25,8,8.0,,A,false
999888005,2020-08-09T08:18:00,-20.1925,58.05,13.4,274.5,273.6,BULK HARMONY,9999005,DEMO5,Cargo,under way using engine,120,20,8.0,,A,false
999888006,2020-08-09T08:18:00,-20.0275,57.610333,15.4,172.9,172.0,GENERAL TRADER,9999006,DEMO6,Cargo,under way using engine,120,20,8.0,,A,false
999888007,2020-08-09T08:18:00,-20.0975,57.917857,9.4,126.7,125.8,FV NEPTUNE,,DEMO7,Fishing,under way using engine,25,8,8.0,,A,false
999888009,2020-08-09T08:18:00,-20.1675,57.51925,10.4,205.1,204.2,TUG MAURITIUS,,DEMO9,Tug,under way using engine,25,8,8.0,,A,false
999888010,2020-08-09T08:18:00,-20.545,57.56575,20.8,8.0,7.1,MSC HORIZON,9999010,DEMO10,Cargo,under way using engine,120,20,8.0,,A,false
999888011,2020-08-09T08:18:00,-19.915,57.343333,12.9,147.9,147.0,OCEAN TANKER,9999011,DEMO11,Tanker,under way using engine,180,32,12.5,,A,false
999888012,2020-08-09T08:18:00,-20.436667,57.708889,7.4,212.0,211.1,FV BLUE MARLIN,,DEMO12,Fishing,under way using engine,25,8,8.0,,A,false
999888013,2020-08-09T08:18:00,-20.18,57.883333,15.9,122.6,121.7,ISLAND TRADER,9999013,DEMO13,Cargo,under way using engine,120,20,8.0,,A,false
999888001,2020-08-09T08:20:00,-20.720144,58.042729,14.7,314.9,318.9,MT SUSPICIOUS,9999001,DEMO1,Tanker,under way using engine,180,32,12.5,,A,true
999888002,2020-08-09T08:20:00,-20.240556,57.55669,15.8,145.7,149.7,DUBIOUS TRADER,9999002,DEMO2,Cargo,under way using engine,120,20,8.0,,A,false
999888003,2020-08-09T08:20:00,-20.501174,57.657951,8.0,20,30,FV QUESTIONABLE,,DEMO3,Fishing,under way using engine,25,8,8.0,,A,false
999888005,2020-08-09T08:20:00,-20.185,57.95,14.7,274.5,278.5,BULK HARMONY,9999005,DEMO5,Cargo,under way using engine,120,20,8.0,,A,false
999888006,2020-08-09T08:20:00,-20.036111,57.611481,16.9,172.9,176.9,GENERAL TRADER,9999006,DEMO6,Cargo,under way using engine,120,20,8.0,,A,false
999888007,2020-08-09T08:20:00,-20.102778,57.925397,10.4,126.7,130.7,FV NEPTUNE,,DEMO7,Fishing,under way using engine,25,8,8.0,,A,false
999888009,2020-08-09T08:20:00,-20.17,57.518,11.4,298.0,302.0,TUG MAURITIUS,,DEMO9,Tug,under way using engine,25,8,8.0,,A,false
999888010,2020-08-09T08:20:00,-20.533333,57.5675,22.9,8.0,12.0,MSC HORIZON,9999010,DEMO10,Cargo,under way using engine,120,20,8.0,,A,false
999888011,2020-08-09T08:20:00,-19.922222,57.348148,14.2,147.9,151.9,OCEAN TANKER,9999011,DEMO11,Tanker,under way using engine,180,32,12.5,,A,false
999888012,2020-08-09T08:20:00,-20.440833,57.706111,8.2,212.0,216.0,FV BLUE MARLIN,,DEMO12,Fishing,under way using engine,25,8,8.0,,A,false
999888013,2020-08-09T08:20:00,-20.188889,57.898148,17.4,122.6,126.6,ISLAND TRADER,9999013,DEMO13,Cargo,under way using engine,120,20,8.0,,A,false
999888001,2020-08-09T08:22:00,-20.712644,58.034683,14.5,314.9,309.9,MT SUSPICIOUS,9999001,DEMO1,Tanker,under way using engine,180,32,12.5,,A,true
999888002,2020-08-09T08:22:00,-20.248611,57.56256,15.6,145.7,140.7,DUBIOUS TRADER,9999002,DEMO2,Cargo,under way using engine,120,20,8.0,,A,false
999888003,2020-08-09T08:22:00,-20.501307,57.659394,8.2,22,32,FV QUESTIONABLE,,DEMO3,Fishing,under way using engine,25,8,8.0,,A,false
999888005,2020-08-09T08:22:00,-20.1775,57.85,14.5,274.5,269.5,BULK HARMONY,9999005,DEMO5,Cargo,under way using engine,120,20,8.0,,A,false
999888006,2020-08-09T08:22:00,-20.044722,57.61263,16.6,172.9,167.9,GENERAL TRADER,9999006,DEMO6,Cargo,under way using engine,120,20,8.0,,A,false
999888007,2020-08-09T08:22:00,-20.108056,57.932937,10.2,126.7,121.7,FV NEPTUNE,,DEMO7,Fishing,under way using engine,25,8,8.0,,A,false
999888009,2020-08-09T08:22:00,-20.164167,57.506333,11.3,298.0,293.1,TUG MAURITIUS,,DEMO9,Tug,under way using engine,25,8,8.0,,A,false
999888010,2020-08-09T08:22:00,-20.521667,57.56925,22.6,8.0,3.0,MSC HORIZON,9999010,DEMO10,Cargo,under way using engine,120,20,8.0,,A,false
999888011,2020-08-09T08:22:00,-19.929444,57.352963,14.0,147.9,143.0,OCEAN TANKER,9999011,DEMO11,Tanker,under way using engine,180,32,12.5,,A,false
999888012,2020-08-09T08:22:00,-20.445,57.703333,8.1,212.0,207.0,FV BLUE MARLIN,,DEMO12,Fishing,under way using engine,25,8,8.0,,A,false
999888013,2020-08-09T08:22:00,-20.197778,57.912963,17.2,122.6,117.7,ISLAND TRADER,9999013,DEMO13,Cargo,under way using engine,120,20,8.0,,A,false
999888001,2020-08-09T08:24:00,-20.705144,58.026638,13.0,314.9,318.2,MT SUSPICIOUS,9999001,DEMO1,Tanker,under way using engine,180,32,12.5,,A,true
999888002,2020-08-09T08:24:00,-20.256667,57.568429,14.0,145.7,149.0,DUBIOUS TRADER,9999002,DEMO2,Cargo,under way using engine,120,20,8.0,,A,false
999888003,2020-08-09T08:24:00,-20.501501,57.660839,8.3,24,34,FV QUESTIONABLE,,DEMO3,Fishing,under way using engine,25,8,8.0,,A,false
999888005,2020-08-09T08:24:00,-20.17,57.75,13.0,276.0,279.4,BULK HARMONY,9999005,DEMO5,Cargo,under way using engine,120,20,8.0,,A,false
999888006,2020-08-09T08:24:00,-20.053333,57.613778,14.9,172.9,176.2,GENERAL TRADER,9999006,DEMO6,Cargo,under way using engine,120,20,8.0,,A,false
999888007,2020-08-09T08:24:00,-20.113333,57.940476,9.2,126.7,130.1,FV NEPTUNE,,DEMO7,Fishing,under way using engine,25,8,8.0,,A,false
999888010,2020-08-09T08:24:00,-20.51,57.571,20.2,8.0,11.3,MSC HORIZON,9999010,DEMO10,Cargo,under way using engine,120,20,8.0,,A,false
999888011,2020-08-09T08:24:00,-19.936667,57.357778,12.5,147.9,151.3,OCEAN TANKER,9999011,DEMO11,Tanker,under way using engine,180,32,12.5,,A,false
999888012,2020-08-09T08:24:00,-20.449167,57.700556,7.2,212.0,215.3,FV BLUE MARLIN,,DEMO12,Fishing,under way using engine,25,8,8.0,,A,false
999888013,2020-08-09T08:24:00,-20.206667,57.927778,15.4,122.6,126.0,ISLAND TRADER,9999013,DEMO13,Cargo,under way using engine,120,20,8.0,,A,false
999888001,2020-08-09T08:26:00,-20.697644,58.018592,12.2,314.9,314.9,MT SUSPICIOUS,9999001,DEMO1,Tanker,under way using engine,180,32,12.5,,A,true
999888002,2020-08-09T08:26:00,-20.264722,57.574298,13.1,145.7,145.7,DUBIOUS TRADER,9999002,DEMO2,Cargo,under way using engine,120,20,8.0,,A,false
999888003,2020-08-09T08:26:00,-20.501758,57.662282,8.4,26,36,FV QUESTIONABLE,,DEMO3,Fishing,under way using engine,25,8,8.0,,A,false
999888005,2020-08-09T08:26:00,-20.1625,57.675,12.2,276.0,276.1,BULK HARMONY,9999005,DEMO5,Cargo,under way using engine,120,20,8.0,,A,false
999888006,2020-08-09T08:26:00,-20.061944,57.614926,14.0,172.9,172.9,GENERAL TRADER,9999006,DEMO6,Cargo,under way using engine,120,20,8.0,,A,false
999888007,2020-08-09T08:26:00,-20.118611,57.948016,8.6,126.7,126.8,FV NEPTUNE,,DEMO7,Fishing,under way using engine,25,8,8.0,,A,false
999888010,2020-08-09T08:26:00,-20.498333,57.57275,18.9,8.0,8.0,MSC HORIZON,9999010,DEMO10,Cargo,under way using engine,120,20,8.0,,A,false
999888011,2020-08-09T08:26:00,-19.943889,57.362593,11.7,147.9,148.0,OCEAN TANKER,9999011,DEMO11,Tanker,under way using engine,180,32,12.5,,A,false
999888012,2020-08-09T08:26:00,-20.45,57.7,6.8,305.4,305.5,FV BLUE MARLIN,,DEMO12,Fishing,under way using engine,25,8,8.0,,A,false
999888013,2020-08-09T08:26:00,-20.215556,57.942593,14.4,122.6,122.7,ISLAND TRADER,9999013,DEMO13,Cargo,under way using engine,120,20,8.0,,A,false
999888001,2020-08-09T08:28:00,-20.690144,58.010546,13.0,314.9,311.5,MT SUSPICIOUS,9999001,DEMO1,Tanker,under way using engine,180,32,12.5,,A,true
999888002,2020-08-09T08:28:00,-20.272778,57.580167,14.0,145.7,142.3,DUBIOUS TRADER,9999002,DEMO2,Cargo,under way using engine,120,20,8.0,,A,false
999888003,2020-08-09T08:28:00,-20.502079,57.663719,8.5,28,38,FV QUESTIONABLE,,DEMO3,Fishing,under way using engine,25,8,8.0,,A,false
999888005,2020-08-09T08:28:00,-20.155,57.6,13.0,276.0,272.6,BULK HARMONY,9999005,DEMO5,Cargo,under way using engine,120,20,8.0,,A,false
999888006,2020-08-09T08:28:00,-20.070556,57.616074,14.9,172.9,169.5,GENERAL TRADER,9999006,DEMO6,Cargo,under way using engine,120,20,8.0,,A,false
999888007,2020-08-09T08:28:00,-20.12,57.95,9.2,122.6,119.2,FV NEPTUNE,,DEMO7,Fishing,under way using engine,25,8,8.0,,A,false
999888010,2020-08-09T08:28:00,-20.486667,57.5745,20.2,8.0,4.6,MSC HORIZON,9999010,DEMO10,Cargo,under way using engine,120,20,8.0,,A,false
999888011,2020-08-09T08:28:00,-19.951111,57.367407,12.5,147.9,144.5,OCEAN TANKER,9999011,DEMO11,Tanker,under way using engine,180,32,12.5,,A,false
999888012,2020-08-09T08:28:00,-20.445833,57.69375,7.2,305.4,302.0,FV BLUE MARLIN,,DEMO12,Fishing,under way using engine,25,8,8.0,,A,false
999888013,2020-08-09T08:28:00,-20.224444,57.957407,15.4,122.6,119.2,ISLAND TRADER,9999013,DEMO13,Cargo,under way using engine,120,20,8.0,,A,false
999888001,2020-08-09T08:30:00,-20.682644,58.0025,14.5,314.9,319.9,MT SUSPICIOUS,9999001,DEMO1,Tanker,under way using engine,180,32,12.5,,A,true
999888002,2020-08-09T08:30:00,-20.280833,57.586036,15.6,145.7,150.6,DUBIOUS TRADER,9999002,DEMO2,Cargo,under way using engine,120,20,8.0,,A,false
999888003,2020-08-09T08:30:00,-20.502464,57.665147,8.6,30,40,FV QUESTIONABLE,,DEMO3,Fishing,under way using engine,25,8,8.0,,A,false
999888005,2020-08-09T08:30:00,-20.15,57.55,14.5,258.4,263.4,BULK HARMONY,9999005,DEMO5,Cargo,under way using engine,120,20,8.0,,A,false
999888006,2020-08-09T08:30:00,-20.079167,57.617222,16.6,172.9,177.8,GENERAL TRADER,9999006,DEMO6,Cargo,under way using engine,120,20,8.0,,A,false
999888007,2020-08-09T08:30:00,-20.125278,57.958796,10.2,122.6,127.6,FV NEPTUNE,,DEMO7,Fishing,under way using engine,25,8,8.0,,A,false
999888010,2020-08-09T08:30:00,-20.475,57.57625,22.5,8.0,13.0,MSC HORIZON,9999010,DEMO10,Cargo,under way using engine,120,20,8.0,,A,false
999888011,2020-08-09T08:30:00,-19.958333,57.372222,14.0,147.9,152.9,OCEAN TANKER,9999011,DEMO11,Tanker,under way using engine,180,32,12.5,,A,false
999888012,2020-08-09T08:30:00,-20.441667,57.6875,8.1,305.4,310.4,FV BLUE MARLIN,,DEMO12,Fishing,under way using engine,25,8,8.0,,A,false
999888013,2020-08-09T08:30:00,-20.233333,57.972222,17.2,122.6,127.6,ISLAND TRADER,9999013,DEMO13,Cargo,under way using engine,120,20,8.0,,A,false
999888001,2020-08-09T08:32:00,-20.675144,57.994454,14.7,314.9,310.9,MT SUSPICIOUS,9999001,DEMO1,Tanker,under way using engine,180,32,12.5,,A,true
999888002,2020-08-09T08:32:00,-20.288889,57.591905,15.8,145.7,141.7,DUBIOUS TRADER,9999002,DEMO2,Cargo,under way using engine,120,20,8.0,,A,false
999888003,2020-08-09T08:32:00,-20.502913,57.666562,8.7,32,42,FV QUESTIONABLE,,DEMO3,Fishing,under way using engine,25,8,8.0,,A,false
999888005,2020-08-09T08:32:00,-20.1575,57.511,14.7,258.4,254.5,BULK HARMONY,9999005,DEMO5,Cargo,under way using engine,120,20,8.0,,A,false
999888006,2020-08-09T08:32:00,-20.087778,57.61837,16.9,172.9,168.9,GENERAL TRADER,9999006,DEMO6,Cargo,under way using engine,120,20,8.0,,A,false
999888007,2020-08-09T08:32:00,-20.130556,57.967593,10.4,122.6,118.7,FV NEPTUNE,,DEMO7,Fishing,under way using engine,25,8,8.0,,A,false
999888010,2020-08-09T08:32:00,-20.463333,57.578,22.9,8.0,4.1,MSC HORIZON,9999010,DEMO10,Cargo,under way using engine,120,20,8.0,,A,false
999888011,2020-08-09T08:32:00,-19.965556,57.377037,14.2,147.9,144.0,OCEAN TANKER,9999011,DEMO11,Tanker,under way using engine,180,32,12.5,,A,false
999888012,2020-08-09T08:32:00,-20.4375,57.68125,8.2,305.4,301.5,FV BLUE MARLIN,,DEMO12,Fishing,under way using engine,25,8,8.0,,A,false
999888013,2020-08-09T08:32:00,-20.242222,57.987037,17.4,122.6,118.7,ISLAND TRADER,9999013,DEMO13,Cargo,under way using engine,120,20,8.0,,A,false
999888001,2020-08-09T08:34:00,-20.667644,57.986408,13.4,314.9,315.7,MT SUSPICIOUS,9999001,DEMO1,Tanker,under way using engine,180,32,12.5,,A,true
999888002,2020-08-09T08:34:00,-20.296944,57.597774,14.4,145.7,146.5,DUBIOUS TRADER,9999002,DEMO2,Cargo,under way using engine,120,20,8.0,,A,false
999888003,2020-08-09T08:34:00,-20.503425,57.667959,8.8,34,44,FV QUESTIONABLE,,DEMO3,Fishing,under way using engine,25,8,8.0,,A,false
999888006,2020-08-09T08:34:00,-20.096389,57.619519,15.4,172.9,173.7,GENERAL TRADER,9999006,DEMO6,Cargo,under way using engine,120,20,8.0,,A,false
999888007,2020-08-09T08:34:00,-20.135833,57.976389,9.4,122.6,123.4,FV NEPTUNE,,DEMO7,Fishing,under way using engine,25,8,8.0,,A,false
999888010,2020-08-09T08:34:00,-20.451667,57.57975,20.8,8.0,8.8,MSC HORIZON,9999010,DEMO10,Cargo,under way using engine,120,20,8.0,,A,false
999888011,2020-08-09T08:34:00,-19.972778,57.381852,12.9,147.9,148.8,OCEAN TANKER,9999011,DEMO11,Tanker,under way using engine,180,32,12.5,,A,false
999888012,2020-08-09T08:34:00,-20.433333,57.675,7.4,305.4,306.3,FV BLUE MARLIN,,DEMO12,Fishing,under way using engine,25,8,8.0,,A,false
999888013,2020-08-09T08:34:00,-20.25,58.0,15.9,154.9,155.7,ISLAND TRADER,9999013,DEMO13,Cargo,under way using engine,120,20,8.0,,A,false
999888001,2020-08-09T08:36:00,-20.660144,57.978362,12.2,314.9,317.6,MT SUSPICIOUS,9999001,DEMO1,Tanker,under way using engine,180,32,12.5,,A,true
999888002,2020-08-09T08:36:00,-20.3,57.6,13.1,118.1,120.8,DUBIOUS TRADER,9999002,DEMO2,Cargo,under way using engine,120,20,8.0,,A,false
999888003,2020-08-09T08:36:00,-20.504002,57.669335,8.8,36,46,FV QUESTIONABLE,,DEMO3,Fishing,under way using engine,25,8,8.0,,A,false
999888006,2020-08-09T08:36:00,-20.1,57.62,14.0,172.0,174.7,GENERAL TRADER,9999006,DEMO6,Cargo,under way using engine,120,20,8.0,,A,false
999888007,2020-08-09T08:36:00,-20.141111,57.985185,8.6,122.6,125.3,FV NEPTUNE,,DEMO7,Fishing,under way using engine,25,8,8.0,,A,false
999888010,2020-08-09T08:36:00,-20.45,57.58,19.0,5.4,8.1,MSC HORIZON,9999010,DEMO10,Cargo,under way using engine,120,20,8.0,,A,false
999888011,2020-08-09T08:36:00,-19.98,57.386667,11.8,147.9,150.7,OCEAN TANKER,9999011,DEMO11,Tanker,under way using engine,180,32,12.5,,A,false
999888012,2020-08-09T08:36:00,-20.43,57.67,6.8,43.1,45.9,FV BLUE MARLIN,,DEMO12,Fishing,under way using engine,25,8,8.0,,A,false
999888013,2020-08-09T08:36:00,-20.258889,58.004444,14.5,154.9,157.6,ISLAND TRADER,9999013,DEMO13,Cargo,under way using engine,120,20,8.0,,A,false
999888001,2020-08-09T08:38:00,-20.652644,57.970316,12.7,314.9,310.0,MT SUSPICIOUS,9999001,DEMO1,Tanker,under way using engine,180,32,12.5,,A,true
999888002,2020-08-09T08:38:00,-20.308056,57.616111,13.6,118.1,113.2,DUBIOUS TRADER,9999002,DEMO2,Cargo,under way using engine,120,20,8.0,,A,false
999888003,2020-08-09T08:38:00,-20.504641,57.670687,8.9,38,48,FV QUESTIONABLE,,DEMO3,Fishing,under way using engine,25,8,8.0,,A,false
999888006,2020-08-09T08:38:00,-20.108611,57.621292,14.6,172.0,167.2,GENERAL TRADER,9999006,DEMO6,Cargo,under way using engine,120,20,8.0,,A,false
999888007,2020-08-09T08:38:00,-20.146389,57.993981,8.9,122.6,117.8,FV NEPTUNE,,DEMO7,Fishing,under way using engine,25,8,8.0,,A,false
999888010,2020-08-09T08:38:00,-20.438333,57.581167,19.7,5.4,0.5,MSC HORIZON,9999010,DEMO10,Cargo,under way using engine,120,20,8.0,,A,false
999888011,2020-08-09T08:38:00,-19.987222,57.391481,12.2,147.9,143.1,OCEAN TANKER,9999011,DEMO11,Tanker,under way using engine,180,32,12.5,,A,false
999888012,2020-08-09T08:38:00,-20.425833,57.674167,7.0,43.1,38.3,FV BLUE MARLIN,,DEMO12,Fishing,under way using engine,25,8,8.0,,A,false
999888013,2020-08-09T08:38:00,-20.267778,58.008889,15.0,154.9,150.1,ISLAND TRADER,9999013,DEMO13,Cargo,under way using engine,120,20,8.0,,A,false
999888001,2020-08-09T08:40:00,-20.645144,57.96227,14.2,314.9,319.3,MT SUSPICIOUS,9999001,DEMO1,Tanker,under way using engine,180,32,12.5,,A,true
999888002,2020-08-09T08:40:00,-20.316111,57.632222,15.2,118.1,122.5,DUBIOUS TRADER,9999002,DEMO2,Cargo,under way using engine,120,20,8.0,,A,false
999888003,2020-08-09T08:40:00,-20.505343,57.672009,8.9,40,50,FV QUESTIONABLE,,DEMO3,Fishing,under way using engine,25,8,8.0,,A,false
999888006,2020-08-09T08:40:00,-20.117222,57.622583,16.3,172.0,176.4,GENERAL TRADER,9999006,DEMO6,Cargo,under way using engine,120,20,8.0,,A,false
999888007,2020-08-09T08:40:00,-20.151667,58.002778,10.0,122.6,127.0,FV NEPTUNE,,DEMO7,Fishing,under way using engine,25,8,8.0,,A,false
999888010,2020-08-09T08:40:00,-20.426667,57.582333,22.1,5.4,9.8,MSC HORIZON,9999010,DEMO10,Cargo,under way using engine,120,20,8.0,,A,false
999888011,2020-08-09T08:40:00,-19.994444,57.396296,13.7,147.9,152.4,OCEAN TANKER,9999011,DEMO11,Tanker,under way using engine,180,32,12.5,,A,false
999888012,2020-08-09T08:40:00,-20.421667,57.678333,7.9,43.1,47.6,FV BLUE MARLIN,,DEMO12,Fishing,under way using engine,25,8,8.0,,A,false
999888013,2020-08-09T08:40:00,-20.276667,58.013333,16.8,154.9,159.3,ISLAND TRADER,9999013,DEMO13,Cargo,under way using engine,120,20,8.0,,A,false
999888001,2020-08-09T08:42:00,-20.637644,57.954225,14.8,314.9,313.2,MT SUSPICIOUS,9999001,DEMO1,Tanker,under way using engine,180,32,12.5,,A,true
999888002,2020-08-09T08:42:00,-20.324167,57.648333,15.9,118.1,116.4,DUBIOUS TRADER,9999002,DEMO2,Cargo,under way using engine,120,20,8.0,,A,false
999888003,2020-08-09T08:42:00,-20.506106,57.673298,9.0,42,52,FV QUESTIONABLE,,DEMO3,Fishing,under way using engine,25,8,8.0,,A,false
999888006,2020-08-09T08:42:00,-20.125833,57.623875,17.0,172.0,170.3,GENERAL TRADER,9999006,DEMO6,Cargo,under way using engine,120,20,8.0,,A,false
999888007,2020-08-09T08:42:00,-20.156944,58.011574,10.4,122.6,120.9,FV NEPTUNE,,DEMO7,Fishing,under way using engine,25,8,8.0,,A,false
999888010,2020-08-09T08:42:00,-20.415,57.5835,23.1,5.4,3.7,MSC HORIZON,9999010,DEMO10,Cargo,under way using engine,120,20,8.0,,A,false
999888011,2020-08-09T08:42:00,-20.0,57.4,14.3,136.8,135.1,OCEAN TANKER,9999011,DEMO11,Tanker,under way using engine,180,32,12.5,,A,false
999888012,2020-08-09T08:42:00,-20.4175,57.6825,8.2,43.1,41.5,FV BLUE MARLIN,,DEMO12,Fishing,under way using engine,25,8,8.0,,A,false
999888013,2020-08-09T08:42:00,-20.285556,58.017778,17.6,154.9,153.2,ISLAND TRADER,9999013,DEMO13,Cargo,under way using engine,120,20,8.0,,A,false
999888001,2020-08-09T08:44:00,-20.630144,57.946179,13.8,314.9,312.9,MT SUSPICIOUS,9999001,DEMO1,Tanker,under way using engine,180,32,12.5,,A,true
999888002,2020-08-09T08:44:00,-20.332222,57.664444,14.8,118.1,116.1,DUBIOUS TRADER,9999002,DEMO2,Cargo,under way using engine,120,20,8.0,,A,false
999888003,2020-08-09T08:44:00,-20.506929,57.674551,9.0,44,54,FV QUESTIONABLE,,DEMO3,Fishing,under way using engine,25,8,8.0,,A,false
999888006,2020-08-09T08:44:00,-20.134444,57.625167,15.8,172.0,170.0,GENERAL TRADER,9999006,DEMO6,Cargo,under way using engine,120,20,8.0,,A,false
999888007,2020-08-09T08:44:00,-20.162222,58.02037,9.7,122.6,120.7,FV NEPTUNE,,DEMO7,Fishing,under way using engine,25,8,8.0,,A,false
999888010,2020-08-09T08:44:00,-20.403333,57.584667,21.4,5.4,3.4,MSC HORIZON,9999010,DEMO10,Cargo,under way using engine,120,20,8.0,,A,false
999888011,2020-08-09T08:44:00,-20.007222,57.407222,13.3,136.8,134.9,OCEAN TANKER,9999011,DEMO11,Tanker,under way using engine,180,32,12.5,,A,false
999888012,2020-08-09T08:44:00,-20.413333,57.686667,7.6,43.1,41.2,FV BLUE MARLIN,,DEMO12,Fishing,under way using engine,25,8,8.0,,A,false
999888013,2020-08-09T08:44:00,-20.294444,58.022222,16.3,154.9,153.0,ISLAND TRADER,9999013,DEMO13,Cargo,under way using engine,120,20,8.0,,A,false
999888001,2020-08-09T08:46:00,-20.622644,57.938133,12.4,314.9,319.4,MT SUSPICIOUS,9999001,DEMO1,Tanker,under way using engine,180,32,12.5,,A,true
999888002,2020-08-09T08:46:00,-20.340278,57.680556,13.3,118.1,122.6,DUBIOUS TRADER,9999002,DEMO2,Cargo,under way using engine,120,20,8.0,,A,false
999888003,2020-08-09T08:46:00,-20.50781,57.675763,9.0,46,56,FV QUESTIONABLE,,DEMO3,Fishing,under way using engine,25,8,8.0,,A,false
999888006,2020-08-09T08:46:00,-20.143056,57.626458,14.2,172.0,176.5,GENERAL TRADER,9999006,DEMO6,Cargo,under way using engine,120,20,8.0,,A,false
999888007,2020-08-09T08:46:00,-20.1675,58.029167,8.7,122.6,127.1,FV NEPTUNE,,DEMO7,Fishing,under way using engine,25,8,8.0,,A,false
999888010,2020-08-09T08:46:00,-20.391667,57.585833,19.2,5.4,9.9,MSC HORIZON,9999010,DEMO10,Cargo,under way using engine,120,20,8.0,,A,false
999888011,2020-08-09T08:46:00,-20.014444,57.414444,11.9,136.8,141.4,OCEAN TANKER,9999011,DEMO11,Tanker,under way using engine,180,32,12.5,,A,false
999888013,2020-08-09T08:46:00,-20.303333,58.026667,14.7,154.9,159.4,ISLAND TRADER,9999013,DEMO13,Cargo,under way using engine,120,20,8.0,,A,false
999888001,2020-08-09T08:48:00,-20.618675,57.933875,12.4,314.9,310.2,MT SUSPICIOUS,9999001,DEMO1,Tanker,under way using engine,180,32,12.5,,A,true
999888002,2020-08-09T08:48:00,-20.348333,57.696667,13.3,118.1,113.3,DUBIOUS TRADER,9999002,DEMO2,Cargo,under way using engine,120,20,8.0,,A,false
999888003,2020-08-09T08:48:00,-20.508747,57.676931,9.0,48,58,FV QUESTIONABLE,,DEMO3,Fishing,under way using engine,25,8,8.0,,A,false
999888006,2020-08-09T08:48:00,-20.151667,57.62775,14.2,172.0,167.2,GENERAL TRADER,9999006,DEMO6,Cargo,under way using engine,120,20,8.0,,A,false
999888007,2020-08-09T08:48:00,-20.172778,58.037963,8.7,122.6,117.8,FV NEPTUNE,,DEMO7,Fishing,under way using engine,25,8,8.0,,A,false
999888010,2020-08-09T08:48:00,-20.38,57.587,19.3,5.4,0.6,MSC HORIZON,9999010,DEMO10,Cargo,under way using engine,120,20,8.0,,A,false
999888011,2020-08-09T08:48:00,-20.021667,57.421667,11.9,136.8,132.1,OCEAN TANKER,9999011,DEMO11,Tanker,under way using engine,180,32,12.5,,A,false
999888013,2020-08-09T08:48:00,-20.312222,58.031111,14.7,154.9,150.1,ISLAND TRADER,9999013,DEMO13,Cargo,under way using engine,120,20,8.0,,A,false
999888001,2020-08-09T08:50:00,-20.611175,57.925852,13.8,314.9,317.4,MT SUSPICIOUS,9999001,DEMO1,Tanker,under way using engine,180,32,12.5,,A,true
999888002,2020-08-09T08:50:00,-20.35,57.7,14.9,102.1,104.5,DUBIOUS TRADER,9999002,DEMO2,Cargo,under way using engine,120,20,8.0,,A,false
999888003,2020-08-09T08:50:00,-20.509739,57.678052,9.0,50,60,FV QUESTIONABLE,,DEMO3,Fishing,under way using engine,25,8,8.0,,A,false
999888006,2020-08-09T08:50:00,-20.160278,57.629042,15.9,172.0,174.5,GENERAL TRADER,9999006,DEMO6,Cargo,under way using engine,120,20,8.0,,A,false
999888007,2020-08-09T08:50:00,-20.178056,58.046759,9.7,122.6,125.1,FV NEPTUNE,,DEMO7,Fishing,under way using engine,25,8,8.0,,A,false
999888010,2020-08-09T08:50:00,-20.368333,57.588167,21.5,5.4,7.8,MSC HORIZON,9999010,DEMO10,Cargo,under way using engine,120,20,8.0,,A,false
999888011,2020-08-09T08:50:00,-20.028889,57.428889,13.3,136.8,139.3,OCEAN TANKER,9999011,DEMO11,Tanker,under way using engine,180,32,12.5,,A,false
999888013,2020-08-09T08:50:00,-20.321111,58.035556,16.4,154.9,157.4,ISLAND TRADER,9999013,DEMO13,Cargo,under way using engine,120,20,8.0,,A,false
999888001,2020-08-09T08:52:00,-20.603675,57.91783,14.8,314.9,316.0,MT SUSPICIOUS,9999001,DEMO1,Tanker,under way using engine,180,32,12.5,,A,true
999888002,2020-08-09T08:52:00,-20.358056,57.740278,15.9,102.1,103.2,DUBIOUS TRADER,9999002,DEMO2,Cargo,under way using engine,120,20,8.0,,A,false
999888003,2020-08-09T08:52:00,-20.510783,57.679122,9.0,52,62,FV QUESTIONABLE,,DEMO3,Fishing,under way using engine,25,8,8.0,,A,false
999888006,2020-08-09T08:52:00,-20.168889,57.630333,17.0,172.0,173.1,GENERAL TRADER,9999006,DEMO6,Cargo,under way using engine,120,20,8.0,,A,false
999888007,2020-08-09T08:52:00,-20.18,58.05,10.4,130.5,131.6,FV NEPTUNE,,DEMO7,Fishing,under way using engine,25,8,8.0,,A,false
999888010,2020-08-09T08:52:00,-20.356667,57.589333,23.1,5.4,6.5,MSC HORIZON,9999010,DEMO10,Cargo,under way using engine,120,20,8.0,,A,false
999888011,2020-08-09T08:52:00,-20.036111,57.436111,14.3,136.8,137.9,OCEAN TANKER,9999011,DEMO11,Tanker,under way using engine,180,32,12.5,,A,false
999888013,2020-08-09T08:52:00,-20.33,58.04,17.6,154.9,156.0,ISLAND TRADER,9999013,DEMO13,Cargo,under way using engine,120,20,8.0,,A,false
999888001,2020-08-09T08:54:00,-20.596175,57.909807,14.1,314.9,310.8,MT SUSPICIOUS,9999001,DEMO1,Tanker,under way using engine,180,32,12.5,,A,true
999888002,2020-08-09T08:54:00,-20.366111,57.780556,15.2,102.1,98.0,DUBIOUS TRADER,9999002,DEMO2,Cargo,under way using engine,120,20,8.0,,A,false
999888003,2020-08-09T08:54:00,-20.511876,57.680137,8.9,54,64,FV QUESTIONABLE,,DEMO3,Fishing,under way using engine,25,8,8.0,,A,false
999888006,2020-08-09T08:54:00,-20.1775,57.631625,16.2,172.0,167.9,GENERAL TRADER,9999006,DEMO6,Cargo,under way using engine,120,20,8.0,,A,false
999888007,2020-08-09T08:54:00,-20.185278,58.056597,9.9,130.5,126.3,FV NEPTUNE,,DEMO7,Fishing,under way using engine,25,8,8.0,,A,false
999888010,2020-08-09T08:54:00,-20.345,57.5905,22.0,5.4,1.2,MSC HORIZON,9999010,DEMO10,Cargo,under way using engine,120,20,8.0,,A,false
999888011,2020-08-09T08:54:00,-20.043333,57.443333,13.6,136.8,132.7,OCEAN TANKER,9999011,DEMO11,Tanker,under way using engine,180,32,12.5,,A,false
999888013,2020-08-09T08:54:00,-20.338889,58.044444,16.7,154.9,150.8,ISLAND TRADER,9999013,DEMO13,Cargo,under way using engine,120,20,8.0,,A,false
999888001,2020-08-09T08:56:00,-20.588675,57.901785,12.6,314.9,319.9,MT SUSPICIOUS,9999001,DEMO1,Tanker,under way using engine,180,32,12.5,,A,true
999888002,2020-08-09T08:56:00,-20.374167,57.820833,13.5,102.1,107.0,DUBIOUS TRADER,9999002,DEMO2,Cargo,under way using engine,120,20,8.0,,A,false
999888003,2020-08-09T08:56:00,-20.513016,57.681096,8.9,56,66,FV QUESTIONABLE,,DEMO3,Fishing,under way using engine,25,8,8.0,,A,false
999888006,2020-08-09T08:56:00,-20.186111,57.632917,14.5,172.0,176.9,GENERAL TRADER,9999006,DEMO6,Cargo,under way using engine,120,20,8.0,,A,false
999888007,2020-08-09T08:56:00,-20.190556,58.063194,8.9,130.5,135.4,FV NEPTUNE,,DEMO7,Fishing,under way using engine,25,8,8.0,,A,false
999888010,2020-08-09T08:56:00,-20.333333,57.591667,19.6,5.4,10.3,MSC HORIZON,9999010,DEMO10,Cargo,under way using engine,120,20,8.0,,A,false
999888011,2020-08-09T08:56:00,-20.050556,57.450556,12.1,136.8,141.8,OCEAN TANKER,9999011,DEMO11,Tanker,under way using engine,180,32,12.5,,A,false
999888013,2020-08-09T08:56:00,-20.347778,58.048889,14.9,154.9,159.9,ISLAND TRADER,9999013,DEMO13,Cargo,under way using engine,120,20,8.0,,A,false
999888001,2020-08-09T08:58:00,-20.581175,57.893762,12.2,314.9,311.7,MT SUSPICIOUS,9999001,DEMO1,Tanker,under way using engine,180,32,12.5,,A,true
999888002,2020-08-09T08:58:00,-20.38,57.85,13.1,78.0,74.8,DUBIOUS TRADER,9999002,DEMO2,Cargo,under way using engine,120,20,8.0,,A,false
999888003,2020-08-09T08:58:00,-20.5142,57.681994,8.8,58,68,FV QUESTIONABLE,,DEMO3,Fishing,under way using engine,25,8,8.0,,A,false
999888006,2020-08-09T08:58:00,-20.194722,57.634208,14.0,172.0,168.8,GENERAL TRADER,9999006,DEMO6,Cargo,under way using engine,120,20,8.0,,A,false
999888007,2020-08-09T08:58:00,-20.195833,58.069792,8.6,130.5,127.3,FV NEPTUNE,,DEMO7,Fishing,under way using engine,25,8,8.0,,A,false
999888010,2020-08-09T08:58:00,-20.321667,57.592833,19.0,5.4,2.2,MSC HORIZON,9999010,DEMO10,Cargo,under way using engine,120,20,8.0,,A,false
999888011,2020-08-09T08:58:00,-20.057778,57.457778,11.8,136.8,133.6,OCEAN TANKER,9999011,DEMO11,Tanker,under way using engine,180,32,12.5,,A,false
999888013,2020-08-09T08:58:00,-20.356667,58.053333,14.5,154.9,151.7,ISLAND TRADER,9999013,DEMO13,Cargo,under way using engine,120,20,8.0,,A,false
999888001,2020-08-09T09:00:00,-20.573675,57.88574,13.5,314.9,314.7,MT SUSPICIOUS,9999001,DEMO1,Tanker,under way using engine,180,32,12.5,,A,true
999888002,2020-08-09T09:00:00,-20.371944,57.890278,14.5,78.0,77.7,DUBIOUS TRADER,9999002,DEMO2,Cargo,under way using engine,120,20,8.0,,A,false
999888003,2020-08-09T09:00:00,-20.515425,57.68283,8.8,60,70,FV QUESTIONABLE,,DEMO3,Fishing,under way using engine,25,8,8.0,,A,false
999888006,2020-08-09T09:00:00,-20.203333,57.6355,15.5,172.0,171.7,GENERAL TRADER,9999006,DEMO6,Cargo,under way using engine,120,20,8.0,,A,false
999888007,2020-08-09T09:00:00,-20.201111,58.076389,9.5,130.5,130.2,FV NEPTUNE,,DEMO7,Fishing,under way using engine,25,8,8.0,,A,false
999888010,2020-08-09T09:00:00,-20.31,57.594,20.9,5.4,5.1,MSC HORIZON,9999010,DEMO10,Cargo,under way using engine,120,20,8.0,,A,false
999888011,2020-08-09T09:00:00,-20.065,57.465,13.0,136.8,136.6,OCEAN TANKER,9999011,DEMO11,Tanker,under way using engine,180,32,12.5,,A,false
999888013,2020-08-09T09:00:00,-20.365556,58.057778,16.0,154.9,154.7,ISLAND TRADER,9999013,DEMO13,Cargo,under way using engine,120,20,8.0,,A,false
999888001,2020-08-09T09:02:00,-20.566175,57.877717,14.7,314.9,318.5,MT SUSPICIOUS,9999001,DEMO1,Tanker,under way using engine,180,32,12.5,,A,true
999888002,2020-08-09T09:02:00,-20.363889,57.930556,15.8,78.0,81.5,DUBIOUS TRADER,9999002,DEMO2,Cargo,under way using engine,120,20,8.0,,A,false
999888003,2020-08-09T09:02:00,-20.516687,57.6836,8.7,62,72,FV QUESTIONABLE,,DEMO3,Fishing,under way using engine,25,8,8.0,,A,false
999888006,2020-08-09T09:02:00,-20.211944,57.636792,16.9,172.0,175.5,GENERAL TRADER,9999006,DEMO6,Cargo,under way using engine,120,20,8.0,,A,false
999888007,2020-08-09T09:02:00,-20.206389,58.082986,10.4,130.5,134.0,FV NEPTUNE,,DEMO7,Fishing,under way using engine,25,8,8.0,,A,false
999888010,2020-08-09T09:02:00,-20.298333,57.595167,22.9,5.4,8.9,MSC HORIZON,9999010,DEMO10,Cargo,under way using engine,120,20,8.0,,A,false
999888011,2020-08-09T09:02:00,-20.072222,57.472222,14.2,136.8,140.4,OCEAN TANKER,9999011,DEMO11,Tanker,under way using engine,180,32,12.5,,A,false
999888013,2020-08-09T09:02:00,-20.374444,58.062222,17.5,154.9,158.5,ISLAND TRADER,9999013,DEMO13,Cargo,under way using engine,120,20,8.0,,A,false
999888001,2020-08-09T09:04:00,-20.558675,57.869695,14.4,314.9,309.9,MT SUSPICIOUS,9999001,DEMO1,Tanker,under way using engine,180,32,12.5,,A,true
999888002,2020-08-09T09:04:00,-20.355833,57.970833,15.5,78.0,73.0,DUBIOUS TRADER,9999002,DEMO2,Cargo,under way using engine,120,20,8.0,,A,false
999888003,2020-08-09T09:04:00,-20.517983,57.684304,8.6,64,74,FV QUESTIONABLE,,DEMO3,Fishing,under way using engine,25,8,8.0,,A,false
999888006,2020-08-09T09:04:00,-20.220556,57.638083,16.6,172.0,167.0,GENERAL TRADER,9999006,DEMO6,Cargo,under way using engine,120,20,8.0,,A,false
999888007,2020-08-09T09:04:00,-20.211667,58.089583,10.2,130.5,125.5,FV NEPTUNE,,DEMO7,Fishing,under way using engine,25,8,8.0,,A,false
999888010,2020-08-09T09:04:00,-20.286667,57.596333,22.5,5.4,0.4,MSC HORIZON,9999010,DEMO10,Cargo,under way using engine,120,20,8.0,,A,false
999888011,2020-08-09T09:04:00,-20.079444,57.479444,13.9,136.8,131.8,OCEAN TANKER,9999011,DEMO11,Tanker,under way using engine,180,32,12.5,,A,false
999888013,2020-08-09T09:04:00,-20.383333,58.066667,17.1,154.9,149.9,ISLAND TRADER,9999013,DEMO13,Cargo,under way using engine,120,20,8.0,,A,false
999888001,2020-08-09T09:06:00,-20.551175,57.861672,12.9,314.9,318.7,MT SUSPICIOUS,9999001,DEMO1,Tanker,under way using engine,180,32,12.5,,A,true
999888002,2020-08-09T09:06:00,-20.35,58.0,13.9,75.1,78.9,DUBIOUS TRADER,9999002,DEMO2,Cargo,under way using engine,120,20,8.0,,A,false
999888003,2020-08-09T09:06:00,-20.51931,57.684939,8.5,66,76,FV QUESTIONABLE,,DEMO3,Fishing,under way using engine,25,8,8.0,,A,false
999888006,2020-08-09T09:06:00,-20.229167,57.639375,14.8,172.0,175.8,GENERAL TRADER,9999006,DEMO6,Cargo,under way using engine,120,20,8.0,,A,false
999888007,2020-08-09T09:06:00,-20.216944,58.096181,9.1,130.5,134.3,FV NEPTUNE,,DEMO7,Fishing,under way using engine,25,8,8.0,,A,false
999888010,2020-08-09T09:06:00,-20.275,57.5975,20.1,5.4,9.2,MSC HORIZON,9999010,DEMO10,Cargo,under way using engine,120,20,8.0,,A,false
999888011,2020-08-09T09:06:00,-20.086667,57.486667,12.5,136.8,140.6,OCEAN TANKER,9999011,DEMO11,Tanker,under way using engine,180,32,12.5,,A,false
999888013,2020-08-09T09:06:00,-20.392222,58.071111,15.3,154.9,158.7,ISLAND TRADER,9999013,DEMO13,Cargo,under way using engine,120,20,8.0,,A,false
999888001,2020-08-09T09:08:00,-20.543675,57.853649,12.2,314.9,314.3,MT SUSPICIOUS,9999001,DEMO1,Tanker,under way using engine,180,32,12.5,,A,true
999888002,2020-08-09T09:08:00,-20.341944,58.032222,13.1,75.1,74.5,DUBIOUS TRADER,9999002,DEMO2,Cargo,under way using engine,120,20,8.0,,A,false
999888003,2020-08-09T09:08:00,-20.520664,57.685502,8.4,68,78,FV QUESTIONABLE,,DEMO3,Fishing,under way using engine,25,8,8.0,,A,false
999888006,2020-08-09T09:08:00,-20.237778,57.640667,14.0,172.0,171.4,GENERAL TRADER,9999006,DEMO6,Cargo,under way using engine,120,20,8.0,,A,false
999888007,2020-08-09T09:08:00,-20.22,58.1,8.6,78.0,77.4,FV NEPTUNE,,DEMO7,Fishing,under way using engine,25,8,8.0,,A,false
999888010,2020-08-09T09:08:00,-20.263333,57.598667,18.9,5.4,4.7,MSC HORIZON,9999010,DEMO10,Cargo,under way using engine,120,20,8.0,,A,false
999888011,2020-08-09T09:08:00,-20.093889,57.493889,11.7,136.8,136.2,OCEAN TANKER,9999011,DEMO11,Tanker,under way using engine,180,32,12.5,,A,false
999888013,2020-08-09T09:08:00,-20.401111,58.075556,14.4,154.9,154.3,ISLAND TRADER,9999013,DEMO13,Cargo,under way using engine,120,20,8.0,,A,false
999888001,2020-08-09T09:10:00,-20.536175,57.845627,13.1,314.9,312.0,MT SUSPICIOUS,9999001,DEMO1,Tanker,under way using engine,180,32,12.5,,A,true
999888002,2020-08-09T09:10:00,-20.333889,58.064444,14.1,75.1,72.2,DUBIOUS TRADER,9999002,DEMO2,Cargo,under way using engine,120,20,8.0,,A,false
999888003,2020-08-09T09:10:00,-20.522042,57.685994,8.3,70,80,FV QUESTIONABLE,,DEMO3,Fishing,under way using engine,25,8,8.0,,A,false
999888006,2020-08-09T09:10:00,-20.246389,57.641958,15.0,172.0,169.1,GENERAL TRADER,9999006,DEMO6,Cargo,under way using engine,120,20,8.0,,A,false
999888007,2020-08-09T09:10:00,-20.214722,58.126389,9.2,78.0,75.1,FV NEPTUNE,,DEMO7,Fishing,under way using engine,25,8,8.0,,A,false
999888010,2020-08-09T09:10:00,-20.251667,57.599833,20.4,5.4,2.5,MSC HORIZON,9999010,DEMO10,Cargo,under way using engine,120,20,8.0,,A,false
999888011,2020-08-09T09:10:00,-20.101111,57.501111,12.6,136.8,133.9,OCEAN TANKER,9999011,DEMO11,Tanker,under way using engine,180,32,12.5,,A,false
999888013,2020-08-09T09:10:00,-20.41,58.08,15.5,154.9,152.0,ISLAND TRADER,9999013,DEMO13,Cargo,under way using engine,120,20,8.0,,A,false
999888001,2020-08-09T09:12:00,-20.528675,57.837604,14.6,314.9,319.8,MT SUSPICIOUS,9999001,DEMO1,Tanker,under way using engine,180,32,12.5,,A,true
999888002,2020-08-09T09:12:00,-20.325833,58.096667,15.6,75.1,80.0,DUBIOUS TRADER,9999002,DEMO2,Cargo,under way using engine,120,20,8.0,,A,false
999888003,2020-08-09T09:12:00,-20.523438,57.686413,8.2,72,82,FV QUESTIONABLE,,DEMO3,Fishing,under way using engine,25,8,8.0,,A,false
999888006,2020-08-09T09:12:00,-20.255,57.64325,16.7,172.0,176.9,GENERAL TRADER,9999006,DEMO6,Cargo,under way using engine,120,20,8.0,,A,false
999888007,2020-08-09T09:12:00,-20.209444,58.152778,10.2,78.0,82.9,FV NEPTUNE,,DEMO7,Fishing,under way using engine,25,8,8.0,,A,false
999888010,2020-08-09T09:12:00,-20.25,57.6,22.6,5.4,10.3,MSC HORIZON,9999010,DEMO10,Cargo,under way using engine,120,20,8.0,,A,false
999888011,2020-08-09T09:12:00,-20.108333,57.508333,14.0,136.8,141.7,OCEAN TANKER,9999011,DEMO11,Tanker,under way using engine,180,32,12.5,,A,false
999888013,2020-08-09T09:12:00,-20.418889,58.084444,17.2,154.9,159.8,ISLAND TRADER,9999013,DEMO13,Cargo,under way using engine,120,20,8.0,,A,false
999888001,2020-08-09T09:14:00,-20.521175,57.829582,14.7,314.9,310.6,MT SUSPICIOUS,9999001,DEMO1,Tanker,under way using engine,180,32,12.5,,A,true
999888002,2020-08-09T09:14:00,-20.317778,58.128889,15.8,75.1,70.8,DUBIOUS TRADER,9999002,DEMO2,Cargo,under way using engine,120,20,8.0,,A,false
999888003,2020-08-09T09:14:00,-20.524851,57.686757,8.1,74,84,FV QUESTIONABLE,,DEMO3,Fishing,under way using engine,25,8,8.0,,A,false
999888006,2020-08-09T09:14:00,-20.263611,57.644542,16.8,172.0,167.7,GENERAL TRADER,9999006,DEMO6,Cargo,under way using engine,120,20,8.0,,A,false
999888007,2020-08-09T09:14:00,-20.204167,58.179167,10.3,78.0,73.7,FV NEPTUNE,,DEMO7,Fishing,under way using engine,25,8,8.0,,A,false
999888010,2020-08-09T09:14:00,-20.238333,57.601167,22.8,5.4,1.0,MSC HORIZON,9999010,DEMO10,Cargo,under way using engine,120,20,8.0,,A,false
999888011,2020-08-09T09:14:00,-20.115556,57.515556,14.1,136.8,132.5,OCEAN TANKER,9999011,DEMO11,Tanker,under way using engine,180,32,12.5,,A,false
999888013,2020-08-09T09:14:00,-20.427778,58.088889,17.4,154.9,150.6,ISLAND TRADER,9999013,DEMO13,Cargo,under way using engine,120,20,8.0,,A,false
999888001,2020-08-09T09:16:00,-20.513675,57.821559,13.3,314.9,316.4,MT SUSPICIOUS,9999001,DEMO1,Tanker,under way using engine,180,32,12.5,,A,true
999888002,2020-08-09T09:16:00,-20.309722,58.161111,14.3,75.1,76.6,DUBIOUS TRADER,9999002,DEMO2,Cargo,under way using engine,120,20,8.0,,A,false
999888003,2020-08-09T09:16:00,-20.526275,57.687027,7.9,76,86,FV QUESTIONABLE,,DEMO3,Fishing,under way using engine,25,8,8.0,,A,false
999888006,2020-08-09T09:16:00,-20.272222,57.645833,15.3,172.0,173.5,GENERAL TRADER,9999006,DEMO6,Cargo,under way using engine,120,20,8.0,,A,false
999888010,2020-08-09T09:16:00,-20.226667,57.602333,20.7,5.4,6.9,MSC HORIZON,9999010,DEMO10,Cargo,under way using engine,120,20,8.0,,A,false
999888011,2020-08-09T09:16:00,-20.122778,57.522778,12.8,136.8,138.3,OCEAN TANKER,9999011,DEMO11,Tanker,under way using engine,180,32,12.5,,A,false
999888013,2020-08-09T09:16:00,-20.436667,58.093333,15.8,154.9,156.4,ISLAND TRADER,9999013,DEMO13,Cargo,under way using engine,120,20,8.0,,A,false
999888001,2020-08-09T09:18:00,-20.506175,57.813537,12.2,314.9,317.1,MT SUSPICIOUS,9999001,DEMO1,Tanker,under way using engine,180,32,12.5,,A,true
999888002,2020-08-09T09:18:00,-20.301667,58.193333,13.1,75.1,77.2,DUBIOUS TRADER,9999002,DEMO2,Cargo,under way using engine,120,20,8.0,,A,false
999888003,2020-08-09T09:18:00,-20.527707,57.687222,7.8,78,88,FV QUESTIONABLE,,DEMO3,Fishing,under way using engine,25,8,8.0,,A,false
999888006,2020-08-09T09:18:00,-20.280833,57.647125,14.0,172.0,174.1,GENERAL TRADER,9999006,DEMO6,Cargo,under way using engine,120,20,8.0,,A,false
999888010,2020-08-09T09:18:00,-20.215,57.6035,19.0,5.4,7.5,MSC HORIZON,9999010,DEMO10,Cargo,under way using engine,120,20,8.0,,A,false
999888011,2020-08-09T09:18:00,-20.13,57.53,11.7,136.8,139.0,OCEAN TANKER,9999011,DEMO11,Tanker,under way using engine,180,32,12.5,,A,false
999888013,2020-08-09T09:18:00,-20.445556,58.097778,14.4,154.9,157.0,ISLAND TRADER,9999013,DEMO13,Cargo,under way using engine,120,20,8.0,,A,false
999888001,2020-08-09T09:20:00,-20.500914,57.80791,12.7,315.0,310.4,MT SUSPICIOUS,9999001,DEMO1,Tanker,under way using engine,180,32,12.5,,A,true
999888003,2020-08-09T09:20:00,-20.529143,57.687342,7.6,80,90,FV QUESTIONABLE,,DEMO3,Fishing,under way using engine,25,8,8.0,,A,false
999888006,2020-08-09T09:20:00,-20.289444,57.648417,14.6,172.0,167.4,GENERAL TRADER,9999006,DEMO6,Cargo,under way using engine,120,20,8.0,,A,false
999888010,2020-08-09T09:20:00,-20.203333,57.604667,19.8,5.4,0.7,MSC HORIZON,9999010,DEMO10,Cargo,under way using engine,120,20,8.0,,A,false
999888011,2020-08-09T09:20:00,-20.137222,57.537222,12.3,136.8,132.2,OCEAN TANKER,9999011,DEMO11,Tanker,under way using engine,180,32,12.5,,A,false
999888013,2020-08-09T09:20:00,-20.45,58.1,15.1,234.5,229.9,ISLAND TRADER,9999013,DEMO13,Cargo,under way using engine,120,20,8.0,,A,false
999888001,2020-08-09T09:22:00,-20.493414,57.799901,14.3,315.0,319.7,MT SUSPICIOUS,9999001,DEMO1,Tanker,under way using engine,180,32,12.5,,A,true
999888003,2020-08-09T09:22:00,-20.530578,57.687388,7.5,82,92,FV QUESTIONABLE,,DEMO3,Fishing,under way using engine,25,8,8.0,,A,false
999888006,2020-08-09T09:22:00,-20.298056,57.649708,16.4,172.0,176.7,GENERAL TRADER,9999006,DEMO6,Cargo,under way using engine,120,20,8.0,,A,false
999888010,2020-08-09T09:22:00,-20.191667,57.605833,22.2,5.4,10.1,MSC HORIZON,9999010,DEMO10,Cargo,under way using engine,120,20,8.0,,A,false
999888011,2020-08-09T09:22:00,-20.144444,57.544444,13.7,136.8,141.5,OCEAN TANKER,9999011,DEMO11,Tanker,under way using engine,180,32,12.5,,A,false
999888013,2020-08-09T09:22:00,-20.458889,58.086667,16.9,234.5,239.2,ISLAND TRADER,9999013,DEMO13,Cargo,under way using engine,120,20,8.0,,A,false
999888001,2020-08-09T09:24:00,-20.485914,57.791893,14.8,315.0,312.7,MT SUSPICIOUS,9999001,DEMO1,Tanker,under way using engine,180,32,12.5,,A,true
999888003,2020-08-09T09:24:00,-20.53201,57.68736,7.3,84,94,FV QUESTIONABLE,,DEMO3,Fishing,under way using engine,25,8,8.0,,A,false
999888006,2020-08-09T09:24:00,-20.3,57.65,17.0,172.0,169.7,GENERAL TRADER,9999006,DEMO6,Cargo,under way using engine,120,20,8.0,,A,false
999888010,2020-08-09T09:24:00,-20.18,57.607,23.0,5.4,3.1,MSC HORIZON,9999010,DEMO10,Cargo,under way using engine,120,20,8.0,,A,false
999888011,2020-08-09T09:24:00,-20.15,57.55,14.3,125.4,123.1,OCEAN TANKER,9999011,DEMO11,Tanker,under way using engine,180,32,12.5,,A,false
999888013,2020-08-09T09:24:00,-20.467778,58.073333,17.6,234.5,232.2,ISLAND TRADER,9999013,DEMO13,Cargo,under way using engine,120,20,8.0,,A,false
999888001,2020-08-09T09:26:00,-20.478414,57.783884,13.7,315.0,313.7,MT SUSPICIOUS,9999001,DEMO1,Tanker,under way using engine,180,32,12.5,,A,true
999888003,2020-08-09T09:26:00,-20.533435,57.687258,7.2,86,96,FV QUESTIONABLE,,DEMO3,Fishing,under way using engine,25,8,8.0,,A,false
999888006,2020-08-09T09:26:00,-20.308611,57.651292,15.7,172.0,170.7,GENERAL TRADER,9999006,DEMO6,Cargo,under way using engine,120,20,8.0,,A,false
999888010,2020-08-09T09:26:00,-20.168333,57.608167,21.3,5.4,4.1,MSC HORIZON,9999010,DEMO10,Cargo,under way using engine,120,20,8.0,,A,false
999888011,2020-08-09T09:26:00,-20.157222,57.560833,13.2,125.4,124.1,OCEAN TANKER,9999011,DEMO11,Tanker,under way using engine,180,32,12.5,,A,false
999888013,2020-08-09T09:26:00,-20.476667,58.06,16.2,234.5,233.2,ISLAND TRADER,9999013,DEMO13,Cargo,under way using engine,120,20,8.0,,A,false
999888001,2020-08-09T09:28:00,-20.470914,57.775875,12.3,315.0,319.2,MT SUSPICIOUS,9999001,DEMO1,Tanker,under way using engine,180,32,12.5,,A,true
999888003,2020-08-09T09:28:00,-20.534848,57.687085,7.0,88,98,FV QUESTIONABLE,,DEMO3,Fishing,under way using engine,25,8,8.0,,A,false
999888006,2020-08-09T09:28:00,-20.317222,57.652583,14.1,172.0,176.2,GENERAL TRADER,9999006,DEMO6,Cargo,under way using engine,120,20,8.0,,A,false
999888010,2020-08-09T09:28:00,-20.156667,57.609333,19.2,5.4,9.6,MSC HORIZON,9999010,DEMO10,Cargo,under way using engine,120,20,8.0,,A,false
999888011,2020-08-09T09:28:00,-20.164444,57.571667,11.9,125.4,129.6,OCEAN TANKER,9999011,DEMO11,Tanker,under way using engine,180,32,12.5,,A,false
999888013,2020-08-09T09:28:00,-20.485556,58.046667,14.6,234.5,238.8,ISLAND TRADER,9999013,DEMO13,Cargo,under way using engine,120,20,8.0,,A,false
999888001,2020-08-09T09:30:00,-20.463414,57.767867,12.5,315.0,310.1,MT SUSPICIOUS,9999001,DEMO1,Tanker,under way using engine,180,32,12.5,,A,true
999888003,2020-08-09T09:30:00,-20.536247,57.68684,6.9,90,100,FV QUESTIONABLE,,DEMO3,Fishing,under way using engine,25,8,8.0,,A,false
999888006,2020-08-09T09:30:00,-20.325833,57.653875,14.3,172.0,167.1,GENERAL TRADER,9999006,DEMO6,Cargo,under way using engine,120,20,8.0,,A,false
999888010,2020-08-09T09:30:00,-20.145,57.6105,19.4,5.4,0.4,MSC HORIZON,9999010,DEMO10,Cargo,under way using engine,120,20,8.0,,A,false
999888011,2020-08-09T09:30:00,-20.171667,57.5825,12.0,125.4,120.5,OCEAN TANKER,9999011,DEMO11,Tanker,under way using engine,180,32,12.5,,A,false
999888013,2020-08-09T09:30:00,-20.494444,58.033333,14.8,234.5,229.6,ISLAND TRADER,9999013,DEMO13,Cargo,under way using engine,120,20,8.0,,A,false
999888003,2020-08-09T09:32:00,-20.537627,57.686527,6.7,92,102,FV QUESTIONABLE,,DEMO3,Fishing,under way using engine,25,8,8.0,,A,false
999888006,2020-08-09T09:32:00,-20.334444,57.655167,16.0,172.0,175.0,GENERAL TRADER,9999006,DEMO6,Cargo,under way using engine,120,20,8.0,,A,false
999888010,2020-08-09T09:32:00,-20.133333,57.611667,21.7,5.4,8.4,MSC HORIZON,9999010,DEMO10,Cargo,under way using engine,120,20,8.0,,A,false
999888011,2020-08-09T09:32:00,-20.178889,57.593333,13.4,125.4,128.4,OCEAN TANKER,9999011,DEMO11,Tanker,under way using engine,180,32,12.5,,A,false
999888013,2020-08-09T09:32:00,-20.503333,58.02,16.5,234.5,237.6,ISLAND TRADER,9999013,DEMO13,Cargo,under way using engine,120,20,8.0,,A,false
999888003,2020-08-09T09:34:00,-20.538986,57.686146,6.5,94,104,FV QUESTIONABLE,,DEMO3,Fishing,under way using engine,25,8,8.0,,A,false
999888006,2020-08-09T09:34:00,-20.343056,57.656458,17.0,172.0,172.5,GENERAL TRADER,9999006,DEMO6,Cargo,under way using engine,120,20,8.0,,A,false
999888010,2020-08-09T09:34:00,-20.121667,57.612833,23.1,5.4,5.8,MSC HORIZON,9999010,DEMO10,Cargo,under way using engine,120,20,8.0,,A,false
999888011,2020-08-09T09:34:00,-20.186111,57.604167,14.3,125.4,125.9,OCEAN TANKER,9999011,DEMO11,Tanker,under way using engine,180,32,12.5,,A,false
999888013,2020-08-09T09:34:00,-20.512222,58.006667,17.6,234.5,235.0,ISLAND TRADER,9999013,DEMO13,Cargo,under way using engine,120,20,8.0,,A,false
999888003,2020-08-09T09:36:00,-20.54032,57.6857,6.4,96,106,FV QUESTIONABLE,,DEMO3,Fishing,under way using engine,25,8,8.0,,A,false
999888006,2020-08-09T09:36:00,-20.351667,57.65775,16.1,172.0,168.3,GENERAL TRADER,9999006,DEMO6,Cargo,under way using engine,120,20,8.0,,A,false
999888010,2020-08-09T09:36:00,-20.11,57.614,21.8,5.4,1.7,MSC HORIZON,9999010,DEMO10,Cargo,under way using engine,120,20,8.0,,A,false
999888011,2020-08-09T09:36:00,-20.193333,57.615,13.5,125.4,121.7,OCEAN TANKER,9999011,DEMO11,Tanker,under way using engine,180,32,12.5,,A,false
999888013,2020-08-09T09:36:00,-20.521111,57.993333,16.6,234.5,230.8,ISLAND TRADER,9999013,DEMO13,Cargo,under way using engine,120,20,8.0,,A,false
999888003,2020-08-09T09:38:00,-20.541626,57.685192,6.2,98,108,FV QUESTIONABLE,,DEMO3,Fishing,under way using engine,25,8,8.0,,A,false
999888006,2020-08-09T09:38:00,-20.360278,57.659042,14.4,172.0,177.0,GENERAL TRADER,9999006,DEMO6,Cargo,under way using engine,120,20,8.0,,A,false
999888010,2020-08-09T09:38:00,-20.098333,57.615167,19.5,5.4,10.4,MSC HORIZON,9999010,DEMO10,Cargo,under way using engine,120,20,8.0,,A,false
999888011,2020-08-09T09:38:00,-20.200556,57.625833,12.1,125.4,130.4,OCEAN TANKER,9999011,DEMO11,Tanker,under way using engine,180,32,12.5,,A,false
999888013,2020-08-09T09:38:00,-20.53,57.98,14.9,234.5,239.5,ISLAND TRADER,9999013,DEMO13,Cargo,under way using engine,120,20,8.0,,A,false
999888003,2020-08-09T09:40:00,-20.542902,57.684622,6.0,100,110,FV QUESTIONABLE,,DEMO3,Fishing,under way using engine,25,8,8.0,,A,false
999888006,2020-08-09T09:40:00,-20.368889,57.660333,14.1,172.0,168.3,GENERAL TRADER,9999006,DEMO6,Cargo,under way using engine,120,20,8.0,,A,false
999888010,2020-08-09T09:40:00,-20.086667,57.616333,19.1,5.4,1.7,MSC HORIZON,9999010,DEMO10,Cargo,under way using engine,120,20,8.0,,A,false
999888011,2020-08-09T09:40:00,-20.207778,57.636667,11.8,125.4,121.7,OCEAN TANKER,9999011,DEMO11,Tanker,under way using engine,180,32,12.5,,A,false
999888013,2020-08-09T09:40:00,-20.538889,57.966667,14.5,234.5,230.9,ISLAND TRADER,9999013,DEMO13,Cargo,under way using engine,120,20,8.0,,A,false
999888003,2020-08-09T09:42:00,-20.544144,57.683995,5.9,102,112,FV QUESTIONABLE,,DEMO3,Fishing,under way using engine,25,8,8.0,,A,false
999888006,2020-08-09T09:42:00,-20.3775,57.661625,15.6,172.0,172.4,GENERAL TRADER,9999006,DEMO6,Cargo,under way using engine,120,20,8.0,,A,false
999888010,2020-08-09T09:42:00,-20.075,57.6175,21.1,5.4,5.8,MSC HORIZON,9999010,DEMO10,Cargo,under way using engine,120,20,8.0,,A,false
999888011,2020-08-09T09:42:00,-20.215,57.6475,13.1,125.4,125.8,OCEAN TANKER,9999011,DEMO11,Tanker,under way using engine,180,32,12.5,,A,false
999888013,2020-08-09T09:42:00,-20.547778,57.953333,16.1,234.5,235.0,ISLAND TRADER,9999013,DEMO13,Cargo,under way using engine,120,20,8.0,,A,false
999888003,2020-08-09T09:44:00,-20.545351,57.683313,5.7,104,114,FV QUESTIONABLE,,DEMO3,Fishing,under way using engine,25,8,8.0,,A,false
999888006,2020-08-09T09:44:00,-20.386111,57.662917,17.0,172.0,175.1,GENERAL TRADER,9999006,DEMO6,Cargo,under way using engine,120,20,8.0,,A,false
999888010,2020-08-09T09:44:00,-20.063333,57.618667,23.0,5.4,8.4,MSC HORIZON,9999010,DEMO10,Cargo,under way using engine,120,20,8.0,,A,false
999888011,2020-08-09T09:44:00,-20.222222,57.658333,14.2,125.4,128.5,OCEAN TANKER,9999011,DEMO11,Tanker,under way using engine,180,32,12.5,,A,false
999888013,2020-08-09T09:44:00,-20.55,57.95,17.5,282.0,285.1,ISLAND TRADER,9999013,DEMO13,Cargo,under way using engine,120,20,8.0,,A,false
999888003,2020-08-09T09:46:00,-20.54652,57.682578,5.5,106,116,FV QUESTIONABLE,,DEMO3,Fishing,under way using engine,25,8,8.0,,A,false
999888006,2020-08-09T09:46:00,-20.394722,57.664208,16.5,172.0,167.1,GENERAL TRADER,9999006,DEMO6,Cargo,under way using engine,120,20,8.0,,A,false
999888010,2020-08-09T09:46:00,-20.051667,57.619833,22.4,5.4,0.4,MSC HORIZON,9999010,DEMO10,Cargo,under way using engine,120,20,8.0,,A,false
999888011,2020-08-09T09:46:00,-20.229444,57.669167,13.8,125.4,120.5,OCEAN TANKER,9999011,DEMO11,Tanker,under way using engine,180,32,12.5,,A,false
999888013,2020-08-09T09:46:00,-20.541111,57.905556,17.0,282.0,277.1,ISLAND TRADER,9999013,DEMO13,Cargo,under way using engine,120,20,8.0,,A,false
999888003,2020-08-09T09:48:00,-20.547649,57.681794,5.4,108,118,FV QUESTIONABLE,,DEMO3,Fishing,under way using engine,25,8,8.0,,A,false
999888006,2020-08-09T09:48:00,-20.403333,57.6655,14.8,172.0,176.2,GENERAL TRADER,9999006,DEMO6,Cargo,under way using engine,120,20,8.0,,A,false
999888010,2020-08-09T09:48:00,-20.05,57.62,20.0,10.7,14.9,MSC HORIZON,9999010,DEMO10,Cargo,under way using engine,120,20,8.0,,A,false
999888011,2020-08-09T09:48:00,-20.236667,57.68,12.4,125.4,129.6,OCEAN TANKER,9999011,DEMO11,Tanker,under way using engine,180,32,12.5,,A,false
999888013,2020-08-09T09:48:00,-20.532222,57.861111,15.2,282.0,286.2,ISLAND TRADER,9999013,DEMO13,Cargo,under way using engine,120,20,8.0,,A,false
999888003,2020-08-09T09:50:00,-20.548737,57.680964,5.2,110,120,FV QUESTIONABLE,,DEMO3,Fishing,under way using engine,25,8,8.0,,A,false
999888006,2020-08-09T09:50:00,-20.411944,57.666792,14.0,172.0,170.7,GENERAL TRADER,9999006,DEMO6,Cargo,under way using engine,120,20,8.0,,A,false
999888010,2020-08-09T09:50:00,-20.038333,57.622333,18.9,10.7,9.4,MSC HORIZON,9999010,DEMO10,Cargo,under way using engine,120,20,8.0,,A,false
999888011,2020-08-09T09:50:00,-20.243889,57.690833,11.7,125.4,124.1,OCEAN TANKER,9999011,DEMO11,Tanker,under way using engine,180,32,12.5,,A,false
999888013,2020-08-09T09:50:00,-20.523333,57.816667,14.4,282.0,280.7,ISLAND TRADER,9999013,DEMO13,Cargo,under way using engine,120,20,8.0,,A,false
999888003,2020-08-09T09:52:00,-20.549781,57.680092,5.1,112,122,FV QUESTIONABLE,,DEMO3,Fishing,under way using engine,25,8,8.0,,A,false
999888006,2020-08-09T09:52:00,-20.420556,57.668083,15.1,172.0,169.7,GENERAL TRADER,9999006,DEMO6,Cargo,under way using engine,120,20,8.0,,A,false
999888010,2020-08-09T09:52:00,-20.026667,57.624667,20.5,10.7,8.3,MSC HORIZON,9999010,DEMO10,Cargo,under way using engine,120,20,8.0,,A,false
999888011,2020-08-09T09:52:00,-20.25,57.7,12.7,112.6,110.2,OCEAN TANKER,9999011,DEMO11,Tanker,under way using engine,180,32,12.5,,A,false
999888013,2020-08-09T09:52:00,-20.514444,57.772222,15.6,282.0,279.7,ISLAND TRADER,9999013,DEMO13,Cargo,under way using engine,120,20,8.0,,A,false
999888003,2020-08-09T09:54:00,-20.550781,57.679179,5.0,114,124,FV QUESTIONABLE,,DEMO3,Fishing,under way using engine,25,8,8.0,,A,false
999888006,2020-08-09T09:54:00,-20.429167,57.669375,16.8,172.0,176.7,GENERAL TRADER,9999006,DEMO6,Cargo,under way using engine,120,20,8.0,,A,false
999888010,2020-08-09T09:54:00,-20.015,57.627,22.7,10.7,15.4,MSC HORIZON,9999010,DEMO10,Cargo,under way using engine,120,20,8.0,,A,false
999888011,2020-08-09T09:54:00,-20.257222,57.718571,14.1,112.6,117.2,OCEAN TANKER,9999011,DEMO11,Tanker,under way using engine,180,32,12.5,,A,false
999888013,2020-08-09T09:54:00,-20.505556,57.727778,17.3,282.0,286.7,ISLAND TRADER,9999013,DEMO13,Cargo,under way using engine,120,20,8.0,,A,false
999888003,2020-08-09T09:56:00,-20.551735,57.678231,4.8,116,126,FV QUESTIONABLE,,DEMO3,Fishing,under way using engine,25,8,8.0,,A,false
999888006,2020-08-09T09:56:00,-20.437778,57.670667,16.8,172.0,167.4,GENERAL TRADER,9999006,DEMO6,Cargo,under way using engine,120,20,8.0,,A,false
999888010,2020-08-09T09:56:00,-20.003333,57.629333,22.7,10.7,6.0,MSC HORIZON,9999010,DEMO10,Cargo,under way using engine,120,20,8.0,,A,false
999888011,2020-08-09T09:56:00,-20.264444,57.737143,14.1,112.6,107.9,OCEAN TANKER,9999011,DEMO11,Tanker,under way using engine,180,32,12.5,,A,false
999888003,2020-08-09T09:58:00,-20.552643,57.67725,4.7,118,128,FV QUESTIONABLE,,DEMO3,Fishing,under way using engine,25,8,8.0,,A,false
999888006,2020-08-09T09:58:00,-20.446389,57.671958,15.2,172.0,174.1,GENERAL TRADER,9999006,DEMO6,Cargo,under way using engine,120,20,8.0,,A,false
999888010,2020-08-09T09:58:00,-19.991667,57.631667,20.5,10.7,12.8,MSC HORIZON,9999010,DEMO10,Cargo,under way using engine,120,20,8.0,,A,false
999888011,2020-08-09T09:58:00,-20.271667,57.755714,12.7,112.6,114.7,OCEAN TANKER,9999011,DEMO11,Tanker,under way using engine,180,32,12.5,,A,false
999888003,2020-08-09T10:00:00,-20.553504,57.676239,4.6,120,130,FV QUESTIONABLE,,DEMO3,Fishing,under way using engine,25,8,8.0,,A,false
999888006,2020-08-09T10:00:00,-20.455,57.67325,14.0,172.0,173.5,GENERAL TRADER,9999006,DEMO6,Cargo,under way using engine,120,20,8.0,,A,false
999888010,2020-08-09T10:00:00,-19.98,57.634,18.9,10.7,12.2,MSC HORIZON,9999010,DEMO10,Cargo,under way using engine,120,20,8.0,,A,false
999888011,2020-08-09T10:00:00,-20.278889,57.774286,11.7,112.6,114.1,OCEAN TANKER,9999011,DEMO11,Tanker,under way using engine,180,32,12.5,,A,false
999888003,2020-08-09T10:02:00,-20.554317,57.675202,4.5,122,132,FV QUESTIONABLE,,DEMO3,Fishing,under way using engine,25,8,8.0,,A,false
999888006,2020-08-09T10:02:00,-20.463611,57.674542,14.7,172.0,167.7,GENERAL TRADER,9999006,DEMO6,Cargo,under way using engine,120,20,8.0,,A,false
999888010,2020-08-09T10:02:00,-19.968333,57.636333,19.9,10.7,6.3,MSC HORIZON,9999010,DEMO10,Cargo,under way using engine,120,20,8.0,,A,false
999888011,2020-08-09T10:02:00,-20.286111,57.792857,12.3,112.6,108.2,OCEAN TANKER,9999011,DEMO11,Tanker,under way using engine,180,32,12.5,,A,false
999888003,2020-08-09T10:04:00,-20.555083,57.674141,4.4,124,134,FV QUESTIONABLE,,DEMO3,Fishing,under way using engine,25,8,8.0,,A,false
999888006,2020-08-09T10:04:00,-20.472222,57.675833,16.5,172.0,176.9,GENERAL TRADER,9999006,DEMO6,Cargo,under way using engine,120,20,8.0,,A,false
999888010,2020-08-09T10:04:00,-19.956667,57.638667,22.3,10.7,15.5,MSC HORIZON,9999010,DEMO10,Cargo,under way using engine,120,20,8.0,,A,false
999888011,2020-08-09T10:04:00,-20.293333,57.811429,13.8,112.6,117.4,OCEAN TANKER,9999011,DEMO11,Tanker,under way using engine,180,32,12.5,,A,false
999888003,2020-08-09T10:06:00,-20.555801,57.673061,4.3,126,136,FV QUESTIONABLE,,DEMO3,Fishing,under way using engine,25,8,8.0,,A,false
999888006,2020-08-09T10:06:00,-20.480833,57.677125,17.0,172.0,169.1,GENERAL TRADER,9999006,DEMO6,Cargo,under way using engine,120,20,8.0,,A,false
999888010,2020-08-09T10:06:00,-19.945,57.641,23.0,10.7,7.8,MSC HORIZON,9999010,DEMO10,Cargo,under way using engine,120,20,8.0,,A,false
999888011,2020-08-09T10:06:00,-20.300556,57.83,14.2,112.6,109.7,OCEAN TANKER,9999011,DEMO11,Tanker,under way using engine,180,32,12.5,,A,false
999888003,2020-08-09T10:08:00,-20.556472,57.671965,4.2,128,138,FV QUESTIONABLE,,DEMO3,Fishing,under way using engine,25,8,8.0,,A,false
999888006,2020-08-09T10:08:00,-20.489444,57.678417,15.6,172.0,171.4,GENERAL TRADER,9999006,DEMO6,Cargo,under way using engine,120,20,8.0,,A,false
999888010,2020-08-09T10:08:00,-19.933333,57.643333,21.1,10.7,10.0,MSC HORIZON,9999010,DEMO10,Cargo,under way using engine,120,20,8.0,,A,false
999888011,2020-08-09T10:08:00,-20.307778,57.848571,13.1,112.6,111.9,OCEAN TANKER,9999011,DEMO11,Tanker,under way using engine,180,32,12.5,,A,false
999888003,2020-08-09T10:10:00,-20.557097,57.670855,4.2,130,140,FV QUESTIONABLE,,DEMO3,Fishing,under way using engine,25,8,8.0,,A,false
999888006,2020-08-09T10:10:00,-20.498056,57.679708,14.1,172.0,175.8,GENERAL TRADER,9999006,DEMO6,Cargo,under way using engine,120,20,8.0,,A,false
999888010,2020-08-09T10:10:00,-19.921667,57.645667,19.1,10.7,14.5,MSC HORIZON,9999010,DEMO10,Cargo,under way using engine,120,20,8.0,,A,false
999888011,2020-08-09T10:10:00,-20.315,57.867143,11.8,112.6,116.4,OCEAN TANKER,9999011,DEMO11,Tanker,under way using engine,180,32,12.5,,A,false
999888003,2020-08-09T10:12:00,-20.557675,57.669734,4.1,132,142,FV QUESTIONABLE,,DEMO3,Fishing,under way using engine,25,8,8.0,,A,false
999888006,2020-08-09T10:12:00,-20.5,57.68,14.4,174.7,169.7,GENERAL TRADER,9999006,DEMO6,Cargo,under way using engine,120,20,8.0,,A,false
999888010,2020-08-09T10:12:00,-19.91,57.648,19.5,10.7,5.7,MSC HORIZON,9999010,DEMO10,Cargo,under way using engine,120,20,8.0,,A,false
999888003,2020-08-09T10:14:00,-20.558208,57.668605,4.1,134,144,FV QUESTIONABLE,,DEMO3,Fishing,under way using engine,25,8,8.0,,A,false
999888006,2020-08-09T10:14:00,-20.508611,57.680861,16.1,174.7,178.2,GENERAL TRADER,9999006,DEMO6,Cargo,under way using engine,120,20,8.0,,A,false
999888003,2020-08-09T10:16:00,-20.558697,57.667471,4.0,136,146,FV QUESTIONABLE,,DEMO3,Fishing,under way using engine,25,8,8.0,,A,false
999888006,2020-08-09T10:16:00,-20.517222,57.681722,17.0,174.7,174.4,GENERAL TRADER,9999006,DEMO6,Cargo,under way using engine,120,20,8.0,,A,false
999888003,2020-08-09T10:18:00,-20.559142,57.666335,4.0,138,148,FV QUESTIONABLE,,DEMO3,Fishing,under way using engine,25,8,8.0,,A,false
999888006,2020-08-09T10:18:00,-20.525833,57.682583,16.0,174.7,171.4,GENERAL TRADER,9999006,DEMO6,Cargo,under way using engine,120,20,8.0,,A,false
999888003,2020-08-09T10:20:00,-20.559546,57.665198,4.0,140,150,FV QUESTIONABLE,,DEMO3,Fishing,under way using engine,25,8,8.0,,A,false
999888006,2020-08-09T10:20:00,-20.534444,57.683444,14.3,174.7,179.6,GENERAL TRADER,9999006,DEMO6,Cargo,under way using engine,120,20,8.0,,A,false
999888003,2020-08-09T10:22:00,-20.55991,57.664063,4.0,142,152,FV QUESTIONABLE,,DEMO3,Fishing,under way using engine,25,8,8.0,,A,false
999888006,2020-08-09T10:22:00,-20.543056,57.684306,14.1,174.7,170.6,GENERAL TRADER,9999006,DEMO6,Cargo,under way using engine,120,20,8.0,,A,false
999888003,2020-08-09T10:24:00,-20.560235,57.662932,4.0,144,154,FV QUESTIONABLE,,DEMO3,Fishing,under way using engine,25,8,8.0,,A,false
999888006,2020-08-09T10:24:00,-20.551667,57.685167,15.7,174.7,175.7,GENERAL TRADER,9999006,DEMO6,Cargo,under way using engine,120,20,8.0,,A,false
999888003,2020-08-09T10:26:00,-20.560523,57.661806,4.0,146,156,FV QUESTIONABLE,,DEMO3,Fishing,under way using engine,25,8,8.0,,A,false
999888006,2020-08-09T10:26:00,-20.560278,57.686028,17.0,174.7,177.1,GENERAL TRADER,9999006,DEMO6,Cargo,under way using engine,120,20,8.0,,A,false
999888003,2020-08-09T10:28:00,-20.560775,57.660688,4.1,148,158,FV QUESTIONABLE,,DEMO3,Fishing,under way using engine,25,8,8.0,,A,false
999888006,2020-08-09T10:28:00,-20.568889,57.686889,16.4,174.7,169.9,GENERAL TRADER,9999006,DEMO6,Cargo,under way using engine,120,20,8.0,,A,false
999888003,2020-08-09T10:30:00,-20.560994,57.659578,4.1,150,160,FV QUESTIONABLE,,DEMO3,Fishing,under way using engine,25,8,8.0,,A,false
999888006,2020-08-09T10:30:00,-20.5775,57.68775,14.7,174.7,179.2,GENERAL TRADER,9999006,DEMO6,Cargo,under way using engine,120,20,8.0,,A,false
999888003,2020-08-09T10:32:00,-20.561181,57.658478,4.2,152,162,FV QUESTIONABLE,,DEMO3,Fishing,under way using engine,25,8,8.0,,A,false
999888006,2020-08-09T10:32:00,-20.586111,57.688611,14.0,174.7,172.7,GENERAL TRADER,9999006,DEMO6,Cargo,under way using engine,120,20,8.0,,A,false
999888003,2020-08-09T10:34:00,-20.561338,57.657389,4.2,154,164,FV QUESTIONABLE,,DEMO3,Fishing,under way using engine,25,8,8.0,,A,false
999888006,2020-08-09T10:34:00,-20.594722,57.689472,15.2,174.7,173.0,GENERAL TRADER,9999006,DEMO6,Cargo,under way using engine,120,20,8.0,,A,false
999888003,2020-08-09T10:36:00,-20.561467,57.656312,4.3,156,166,FV QUESTIONABLE,,DEMO3,Fishing,under way using engine,25,8,8.0,,A,false
999888006,2020-08-09T10:36:00,-20.603333,57.690333,16.8,174.7,179.1,GENERAL TRADER,9999006,DEMO6,Cargo,under way using engine,120,20,8.0,,A,false
999888003,2020-08-09T10:38:00,-20.56157,57.655246,4.4,158,168,FV QUESTIONABLE,,DEMO3,Fishing,under way using engine,25,8,8.0,,A,false
999888006,2020-08-09T10:38:00,-20.611944,57.691194,16.7,174.7,169.8,GENERAL TRADER,9999006,DEMO6,Cargo,under way using engine,120,20,8.0,,A,false
999888003,2020-08-09T10:40:00,-20.561648,57.654194,4.5,160,170,FV QUESTIONABLE,,DEMO3,Fishing,under way using engine,25,8,8.0,,A,false
999888006,2020-08-09T10:40:00,-20.620556,57.692056,15.1,174.7,177.4,GENERAL TRADER,9999006,DEMO6,Cargo,under way using engine,120,20,8.0,,A,false
999888003,2020-08-09T10:42:00,-20.561704,57.653154,4.6,162,172,FV QUESTIONABLE,,DEMO3,Fishing,under way using engine,25,8,8.0,,A,false
999888006,2020-08-09T10:42:00,-20.629167,57.692917,14.0,174.7,175.5,GENERAL TRADER,9999006,DEMO6,Cargo,under way using engine,120,20,8.0,,A,false
999888003,2020-08-09T10:44:00,-20.561739,57.652127,4.7,164,174,FV QUESTIONABLE,,DEMO3,Fishing,under way using engine,25,8,8.0,,A,false
999888006,2020-08-09T10:44:00,-20.637778,57.693778,14.8,174.7,170.7,GENERAL TRADER,9999006,DEMO6,Cargo,under way using engine,120,20,8.0,,A,false
999888003,2020-08-09T10:46:00,-20.561755,57.651112,4.8,166,176,FV QUESTIONABLE,,DEMO3,Fishing,under way using engine,25,8,8.0,,A,false
999888006,2020-08-09T10:46:00,-20.646389,57.694639,16.5,174.7,179.6,GENERAL TRADER,9999006,DEMO6,Cargo,under way using engine,120,20,8.0,,A,false
999888003,2020-08-09T10:48:00,-20.561752,57.65011,4.9,168,178,FV QUESTIONABLE,,DEMO3,Fishing,under way using engine,25,8,8.0,,A,false
999888006,2020-08-09T10:48:00,-20.655,57.6955,16.9,174.7,171.3,GENERAL TRADER,9999006,DEMO6,Cargo,under way using engine,120,20,8.0,,A,false
999888003,2020-08-09T10:50:00,-20.561734,57.64912,5.1,170,180,FV QUESTIONABLE,,DEMO3,Fishing,under way using engine,25,8,8.0,,A,false
999888006,2020-08-09T10:50:00,-20.663611,57.696361,15.5,174.7,174.7,GENERAL TRADER,9999006,DEMO6,Cargo,under way using engine,120,20,8.0,,A,false
999888003,2020-08-09T10:52:00,-20.5617,57.648141,5.2,172,182,FV QUESTIONABLE,,DEMO3,Fishing,under way using engine,25,8,8.0,,A,false
999888006,2020-08-09T10:52:00,-20.672222,57.697222,14.1,174.7,178.0,GENERAL TRADER,9999006,DEMO6,Cargo,under way using engine,120,20,8.0,,A,false
999888003,2020-08-09T10:54:00,-20.561653,57.647172,5.3,174,184,FV QUESTIONABLE,,DEMO3,Fishing,under way using engine,25,8,8.0,,A,false
999888006,2020-08-09T10:54:00,-20.680833,57.698083,14.5,174.7,169.7,GENERAL TRADER,9999006,DEMO6,Cargo,under way using engine,120,20,8.0,,A,false
999888003,2020-08-09T10:56:00,-20.561593,57.646214,5.5,176,186,FV QUESTIONABLE,,DEMO3,Fishing,under way using engine,25,8,8.0,,A,false
999888006,2020-08-09T10:56:00,-20.689444,57.698944,16.2,174.7,178.6,GENERAL TRADER,9999006,DEMO6,Cargo,under way using engine,120,20,8.0,,A,false
999888003,2020-08-09T10:58:00,-20.561522,57.645264,5.6,178,188,FV QUESTIONABLE,,DEMO3,Fishing,under way using engine,25,8,8.0,,A,false
999888006,2020-08-09T10:58:00,-20.698056,57.699806,17.0,174.7,173.8,GENERAL TRADER,9999006,DEMO6,Cargo,under way using engine,120,20,8.0,,A,false
999888001,2020-08-09T11:00:00,-20.437,57.745,0.5,0.0,20.0,MT SUSPICIOUS,9999001,DEMO1,Tanker,moored,180,32,12.5,,A,true
999888003,2020-08-09T11:00:00,-20.561439,57.644321,5.8,180,190,FV QUESTIONABLE,,DEMO3,Fishing,under way using engine,25,8,8.0,,A,false
999888001,2020-08-09T11:02:00,-20.437157,57.746327,0.8,14.4,34.4,MT SUSPICIOUS,9999001,DEMO1,Tanker,moored,180,32,12.5,,A,true
999888003,2020-08-09T11:02:00,-20.561346,57.643385,6.0,182,192,FV QUESTIONABLE,,DEMO3,Fishing,under way using engine,25,8,8.0,,A,false
999888001,2020-08-09T11:04:00,-20.437618,57.747571,1.1,28.8,48.8,MT SUSPICIOUS,9999001,DEMO1,Tanker,moored,180,32,12.5,,A,true
999888003,2020-08-09T11:04:00,-20.561243,57.642455,6.1,184,194,FV QUESTIONABLE,,DEMO3,Fishing,under way using engine,25,8,8.0,,A,false
999888001,2020-08-09T11:06:00,-20.438355,57.748653,1.3,43.2,63.2,MT SUSPICIOUS,9999001,DEMO1,Tanker,moored,180,32,12.5,,A,true
999888003,2020-08-09T11:06:00,-20.561131,57.641528,6.3,186,196,FV QUESTIONABLE,,DEMO3,Fishing,under way using engine,25,8,8.0,,A,false
999888001,2020-08-09T11:08:00,-20.439321,57.749505,1.6,57.6,77.6,MT SUSPICIOUS,9999001,DEMO1,Tanker,moored,180,32,12.5,,A,true
999888003,2020-08-09T11:08:00,-20.561009,57.640605,6.5,188,198,FV QUESTIONABLE,,DEMO3,Fishing,under way using engine,25,8,8.0,,A,false
999888001,2020-08-09T11:10:00,-20.440455,57.750075,1.8,72.0,92.0,MT SUSPICIOUS,9999001,DEMO1,Tanker,moored,180,32,12.5,,A,true
999888003,2020-08-09T11:10:00,-20.560878,57.639683,6.6,190,200,FV QUESTIONABLE,,DEMO3,Fishing,under way using engine,25,8,8.0,,A,false
999888001,2020-08-09T11:12:00,-20.441686,57.750325,1.9,86.4,106.4,MT SUSPICIOUS,9999001,DEMO1,Tanker,moored,180,32,12.5,,A,true
999888003,2020-08-09T11:12:00,-20.560737,57.638763,6.8,192,202,FV QUESTIONABLE,,DEMO3,Fishing,under way using engine,25,8,8.0,,A,false
999888001,2020-08-09T11:14:00,-20.442937,57.750242,2.0,100.8,120.8,MT SUSPICIOUS,9999001,DEMO1,Tanker,moored,180,32,12.5,,A,true
999888003,2020-08-09T11:14:00,-20.560586,57.637841,7.0,194,204,FV QUESTIONABLE,,DEMO3,Fishing,under way using engine,25,8,8.0,,A,false
999888001,2020-08-09T11:16:00,-20.444129,57.749828,2.0,115.2,135.2,MT SUSPICIOUS,9999001,DEMO1,Tanker,moored,180,32,12.5,,A,true
999888003,2020-08-09T11:16:00,-20.560424,57.636918,7.1,196,206,FV QUESTIONABLE,,DEMO3,Fishing,under way using engine,25,8,8.0,,A,false
999888001,2020-08-09T11:18:00,-20.445187,57.749112,2.0,129.6,149.6,MT SUSPICIOUS,9999001,DEMO1,Tanker,moored,180,32,12.5,,A,true
999888003,2020-08-09T11:18:00,-20.560251,57.635993,7.3,198,208,FV QUESTIONABLE,,DEMO3,Fishing,under way using engine,25,8,8.0,,A,false
999888001,2020-08-09T11:20:00,-20.446045,57.748137,1.9,144.0,164.0,MT SUSPICIOUS,9999001,DEMO1,Tanker,moored,180,32,12.5,,A,true
999888003,2020-08-09T11:20:00,-20.560066,57.635064,7.4,200,210,FV QUESTIONABLE,,DEMO3,Fishing,under way using engine,25,8,8.0,,A,false
999888001,2020-08-09T11:22:00,-20.446649,57.746964,1.7,158.4,178.4,MT SUSPICIOUS,9999001,DEMO1,Tanker,moored,180,32,12.5,,A,true
999888003,2020-08-09T11:22:00,-20.559867,57.634131,7.6,202,212,FV QUESTIONABLE,,DEMO3,Fishing,under way using engine,25,8,8.0,,A,false
999888001,2020-08-09T11:24:00,-20.446961,57.745669,1.5,172.8,192.8,MT SUSPICIOUS,9999001,DEMO1,Tanker,moored,180,32,12.5,,A,true
999888003,2020-08-09T11:24:00,-20.559655,57.633192,7.7,204,214,FV QUESTIONABLE,,DEMO3,Fishing,under way using engine,25,8,8.0,,A,false
999888001,2020-08-09T11:26:00,-20.446961,57.744331,1.3,187.2,207.2,MT SUSPICIOUS,9999001,DEMO1,Tanker,moored,180,32,12.5,,A,true
999888003,2020-08-09T11:26:00,-20.559427,57.632249,7.9,206,216,FV QUESTIONABLE,,DEMO3,Fishing,under way using engine,25,8,8.0,,A,false
999888001,2020-08-09T11:28:00,-20.446649,57.743036,1.0,201.6,221.6,MT SUSPICIOUS,9999001,DEMO1,Tanker,moored,180,32,12.5,,A,true
999888003,2020-08-09T11:28:00,-20.559183,57.631299,8.0,208,218,FV QUESTIONABLE,,DEMO3,Fishing,under way using engine,25,8,8.0,,A,false
999888001,2020-08-09T11:30:00,-20.446045,57.741863,0.7,216.0,236.0,MT SUSPICIOUS,9999001,DEMO1,Tanker,moored,180,32,12.5,,A,true
999888003,2020-08-09T11:30:00,-20.55892,57.630343,8.1,210,220,FV QUESTIONABLE,,DEMO3,Fishing,under way using engine,25,8,8.0,,A,false
999888001,2020-08-09T11:32:00,-20.445187,57.740888,0.4,230.4,250.4,MT SUSPICIOUS,9999001,DEMO1,Tanker,moored,180,32,12.5,,A,true
999888003,2020-08-09T11:32:00,-20.558638,57.629381,8.3,212,222,FV QUESTIONABLE,,DEMO3,Fishing,under way using engine,25,8,8.0,,A,false
999888001,2020-08-09T11:34:00,-20.444129,57.740172,0.1,244.8,264.8,MT SUSPICIOUS,9999001,DEMO1,Tanker,moored,180,32,12.5,,A,true
999888003,2020-08-09T11:34:00,-20.558335,57.628412,8.4,214,224,FV QUESTIONABLE,,DEMO3,Fishing,under way using engine,25,8,8.0,,A,false
999888001,2020-08-09T11:36:00,-20.442937,57.739758,-0.2,259.2,279.2,MT SUSPICIOUS,9999001,DEMO1,Tanker,moored,180,32,12.5,,A,true
999888003,2020-08-09T11:36:00,-20.558009,57.627438,8.5,216,226,FV QUESTIONABLE,,DEMO3,Fishing,under way using engine,25,8,8.0,,A,false
999888001,2020-08-09T11:38:00,-20.441686,57.739675,-0.4,273.6,293.6,MT SUSPICIOUS,9999001,DEMO1,Tanker,moored,180,32,12.5,,A,true
999888003,2020-08-09T11:38:00,-20.557658,57.626458,8.6,218,228,FV QUESTIONABLE,,DEMO3,Fishing,under way using engine,25,8,8.0,,A,false
999888001,2020-08-09T11:40:00,-20.440455,57.739925,-0.6,288.0,308.0,MT SUSPICIOUS,9999001,DEMO1,Tanker,moored,180,32,12.5,,A,true
999888003,2020-08-09T11:40:00,-20.557282,57.625474,8.7,220,230,FV QUESTIONABLE,,DEMO3,Fishing,under way using engine,25,8,8.0,,A,false
999888001,2020-08-09T11:42:00,-20.439321,57.740495,-0.8,302.4,322.4,MT SUSPICIOUS,9999001,DEMO1,Tanker,moored,180,32,12.5,,A,true
999888003,2020-08-09T11:42:00,-20.556878,57.624485,8.7,222,232,FV QUESTIONABLE,,DEMO3,Fishing,under way using engine,25,8,8.0,,A,false
999888001,2020-08-09T11:44:00,-20.438355,57.741347,-0.9,316.8,336.8,MT SUSPICIOUS,9999001,DEMO1,Tanker,moored,180,32,12.5,,A,true
999888003,2020-08-09T11:44:00,-20.556445,57.623494,8.8,224,234,FV QUESTIONABLE,,DEMO3,Fishing,under way using engine,25,8,8.0,,A,false
999888001,2020-08-09T11:46:00,-20.437618,57.742429,-1.0,331.2,351.2,MT SUSPICIOUS,9999001,DEMO1,Tanker,moored,180,32,12.5,,A,true
999888003,2020-08-09T11:46:00,-20.555981,57.622501,8.9,226,236,FV QUESTIONABLE,,DEMO3,Fishing,under way using engine,25,8,8.0,,A,false
999888001,2020-08-09T11:48:00,-20.437157,57.743673,-1.0,345.6,5.6,MT SUSPICIOUS,9999001,DEMO1,Tanker,moored,180,32,12.5,,A,true
999888003,2020-08-09T11:48:00,-20.555484,57.621507,8.9,228,238,FV QUESTIONABLE,,DEMO3,Fishing,under way using engine,25,8,8.0,,A,false
999888001,2020-08-09T11:50:00,-20.442,57.745,18.1,45.0,46.2,MT SUSPICIOUS,9999001,DEMO1,Tanker,under way using engine,180,32,12.5,,A,true
999888003,2020-08-09T11:50:00,-20.554954,57.620515,9.0,230,240,FV QUESTIONABLE,,DEMO3,Fishing,under way using engine,25,8,8.0,,A,false
999888001,2020-08-09T11:52:00,-20.432833,57.754779,17.3,45.0,40.8,MT SUSPICIOUS,9999001,DEMO1,Tanker,under way using engine,180,32,12.5,,A,true
999888003,2020-08-09T11:52:00,-20.554389,57.619526,9.0,232,242,FV QUESTIONABLE,,DEMO3,Fishing,under way using engine,25,8,8.0,,A,false
999888001,2020-08-09T11:54:00,-20.423667,57.764559,15.4,45.0,49.9,MT SUSPICIOUS,9999001,DEMO1,Tanker,under way using engine,180,32,12.5,,A,true
999888003,2020-08-09T11:54:00,-20.553787,57.618543,9.0,234,244,FV QUESTIONABLE,,DEMO3,Fishing,under way using engine,25,8,8.0,,A,false
999888001,2020-08-09T11:56:00,-20.4145,57.774338,14.9,45.0,41.9,MT SUSPICIOUS,9999001,DEMO1,Tanker,under way using engine,180,32,12.5,,A,true
999888003,2020-08-09T11:56:00,-20.553147,57.617566,9.0,236,246,FV QUESTIONABLE,,DEMO3,Fishing,under way using engine,25,8,8.0,,A,false
999888001,2020-08-09T11:58:00,-20.406641,57.782723,16.4,118.7,118.3,MT SUSPICIOUS,9999001,DEMO1,Tanker,under way using engine,180,32,12.5,,A,true
999888003,2020-08-09T11:58:00,-20.552469,57.6166,9.0,238,248,FV QUESTIONABLE,,DEMO3,Fishing,under way using engine,25,8,8.0,,A,false
999888001,2020-08-09T12:00:00,-20.415807,57.800626,18.0,118.7,122.3,MT SUSPICIOUS,9999001,DEMO1,Tanker,under way using engine,180,32,12.5,,A,true
999888003,2020-08-09T12:00:00,-20.551752,57.615645,9.0,240,250,FV QUESTIONABLE,,DEMO3,Fishing,under way using engine,25,8,8.0,,A,false
999888001,2020-08-09T12:02:00,-20.424974,57.81853,17.7,118.7,113.7,MT SUSPICIOUS,9999001,DEMO1,Tanker,under way using engine,180,32,12.5,,A,true
999888003,2020-08-09T12:02:00,-20.550994,57.614705,8.9,242,252,FV QUESTIONABLE,,DEMO3,Fishing,under way using engine,25,8,8.0,,A,false
999888001,2020-08-09T12:04:00,-20.434141,57.836434,15.8,118.7,122.4,MT SUSPICIOUS,9999001,DEMO1,Tanker,under way using engine,180,32,12.5,,A,true
999888003,2020-08-09T12:04:00,-20.550196,57.613782,8.9,244,254,FV QUESTIONABLE,,DEMO3,Fishing,under way using engine,25,8,8.0,,A,false
999888001,2020-08-09T12:06:00,-20.441967,57.851721,14.9,28.0,27.5,MT SUSPICIOUS,9999001,DEMO1,Tanker,under way using engine,180,32,12.5,,A,true
999888003,2020-08-09T12:06:00,-20.549357,57.61288,8.9,246,256,FV QUESTIONABLE,,DEMO3,Fishing,under way using engine,25,8,8.0,,A,false
999888001,2020-08-09T12:08:00,-20.432801,57.856914,16.0,28.0,25.0,MT SUSPICIOUS,9999001,DEMO1,Tanker,under way using engine,180,32,12.5,,A,true
999888003,2020-08-09T12:08:00,-20.548476,57.612001,8.8,248,258,FV QUESTIONABLE,,DEMO3,Fishing,under way using engine,25,8,8.0,,A,false
999888001,2020-08-09T12:10:00,-20.423634,57.862108,17.8,28.0,32.9,MT SUSPICIOUS,9999001,DEMO1,Tanker,under way using engine,180,32,12.5,,A,true
999888003,2020-08-09T12:10:00,-20.547555,57.611147,8.7,250,260,FV QUESTIONABLE,,DEMO3,Fishing,under way using engine,25,8,8.0,,A,false
999888001,2020-08-09T12:12:00,-20.414467,57.867301,17.9,28.0,23.7,MT SUSPICIOUS,9999001,DEMO1,Tanker,under way using engine,180,32,12.5,,A,true
999888003,2020-08-09T12:12:00,-20.546592,57.610323,8.6,252,262,FV QUESTIONABLE,,DEMO3,Fishing,under way using engine,25,8,8.0,,A,false
999888001,2020-08-09T12:14:00,-20.405301,57.872495,16.3,28.0,29.3,MT SUSPICIOUS,9999001,DEMO1,Tanker,under way using engine,180,32,12.5,,A,true
999888003,2020-08-09T12:14:00,-20.54559,57.609531,8.5,254,264,FV QUESTIONABLE,,DEMO3,Fishing,under way using engine,25,8,8.0,,A,false
999888001,2020-08-09T12:15:00,-20.358599,57.898955,13.5,84.5,89.5,MT SUSPICIOUS,9999001,DEMO1,Tanker,under way using engine,180,32,12.5,,A,true
999888001,2020-08-09T12:16:00,-20.396134,57.877688,14.9,28.0,30.2,MT SUSPICIOUS,9999001,DEMO1,Tanker,under way using engine,180,32,12.5,,A,true
999888003,2020-08-09T12:16:00,-20.544547,57.608775,8.4,256,266,FV QUESTIONABLE,,DEMO3,Fishing,under way using engine,25,8,8.0,,A,false
999888001,2020-08-09T12:17:00,-20.350543,57.987771,13.1,84.5,81.2,MT SUSPICIOUS,9999001,DEMO1,Tanker,under way using engine,180,32,12.5,,A,true
999888001,2020-08-09T12:18:00,-20.386967,57.882882,15.6,28.0,23.3,MT SUSPICIOUS,9999001,DEMO1,Tanker,under way using engine,180,32,12.5,,A,true
999888003,2020-08-09T12:18:00,-20.543466,57.608056,8.3,258,268,FV QUESTIONABLE,,DEMO3,Fishing,under way using engine,25,8,8.0,,A,false
999888001,2020-08-09T12:19:00,-20.342488,58.076587,14.5,84.5,84.5,MT SUSPICIOUS,9999001,DEMO1,Tanker,under way using engine,180,32,12.5,,A,true
999888001,2020-08-09T12:20:00,-20.377801,57.888075,17.4,28.0,32.6,MT SUSPICIOUS,9999001,DEMO1,Tanker,under way using engine,180,32,12.5,,A,true
999888003,2020-08-09T12:20:00,-20.542348,57.60738,8.2,260,270,FV QUESTIONABLE,,DEMO3,Fishing,under way using engine,25,8,8.0,,A,false
999888001,2020-08-09T12:21:00,-20.334432,58.165404,15.8,84.5,87.9,MT SUSPICIOUS,9999001,DEMO1,Tanker,under way using engine,180,32,12.5,,A,true
999888003,2020-08-09T12:22:00,-20.541193,57.606747,8.1,262,272,FV QUESTIONABLE,,DEMO3,Fishing,under way using engine,25,8,8.0,,A,false
999888001,2020-08-09T12:23:00,-20.333633,58.174216,15.5,86.0,81.1,MT SUSPICIOUS,9999001,DEMO1,Tanker,under way using engine,180,32,12.5,,A,true
999888003,2020-08-09T12:24:00,-20.540003,57.606163,8.0,264,274,FV QUESTIONABLE,,DEMO3,Fishing,under way using engine,25,8,8.0,,A,false
999888001,2020-08-09T12:25:00,-20.325578,58.296337,13.9,86.0,90.0,MT SUSPICIOUS,9999001,DEMO1,Tanker,under way using engine,180,32,12.5,,A,true
999888003,2020-08-09T12:26:00,-20.538781,57.605628,7.8,266,276,FV QUESTIONABLE,,DEMO3,Fishing,under way using engine,25,8,8.0,,A,false
999888001,2020-08-09T12:27:00,-20.317522,58.418458,13.1,86.0,85.2,MT SUSPICIOUS,9999001,DEMO1,Tanker,under way using engine,180,32,12.5,,A,true
999888003,2020-08-09T12:28:00,-20.537529,57.605146,7.7,268,278,FV QUESTIONABLE,,DEMO3,Fishing,under way using engine,25,8,8.0,,A,false
999888003,2020-08-09T12:30:00,-20.536247,57.604721,7.5,270,280,FV QUESTIONABLE,,DEMO3,Fishing,under way using engine,25,8,8.0,,A,false
999888003,2020-08-09T12:32:00,-20.53494,57.604353,7.4,272,282,FV QUESTIONABLE,,DEMO3,Fishing,under way using engine,25,8,8.0,,A,false
999888003,2020-08-09T12:34:00,-20.53361,57.604046,7.2,274,284,FV QUESTIONABLE,,DEMO3,Fishing,under way using engine,25,8,8.0,,A,false
999888003,2020-08-09T12:36:00,-20.532259,57.603802,7.1,276,286,FV QUESTIONABLE,,DEMO3,Fishing,under way using engine,25,8,8.0,,A,false
999888003,2020-08-09T12:38:00,-20.530891,57.603623,6.9,278,288,FV QUESTIONABLE,,DEMO3,Fishing,under way using engine,25,8,8.0,,A,false
999888003,2020-08-09T12:40:00,-20.529508,57.603511,6.7,280,290,FV QUESTIONABLE,,DEMO3,Fishing,under way using engine,25,8,8.0,,A,false
999888003,2020-08-09T12:42:00,-20.528115,57.603466,6.6,282,292,FV QUESTIONABLE,,DEMO3,Fishing,under way using engine,25,8,8.0,,A,false
999888003,2020-08-09T12:44:00,-20.526713,57.603491,6.4,284,294,FV QUESTIONABLE,,DEMO3,Fishing,under way using engine,25,8,8.0,,A,false
999888003,2020-08-09T12:46:00,-20.525308,57.603587,6.2,286,296,FV QUESTIONABLE,,DEMO3,Fishing,under way using engine,25,8,8.0,,A,false
999888003,2020-08-09T12:48:00,-20.523903,57.603754,6.1,288,298,FV QUESTIONABLE,,DEMO3,Fishing,under way using engine,25,8,8.0,,A,false
999888003,2020-08-09T12:50:00,-20.522501,57.603993,5.9,290,300,FV QUESTIONABLE,,DEMO3,Fishing,under way using engine,25,8,8.0,,A,false
999888003,2020-08-09T12:52:00,-20.521106,57.604305,5.7,292,302,FV QUESTIONABLE,,DEMO3,Fishing,under way using engine,25,8,8.0,,A,false
999888003,2020-08-09T12:54:00,-20.519721,57.604689,5.6,294,304,FV QUESTIONABLE,,DEMO3,Fishing,under way using engine,25,8,8.0,,A,false
999888003,2020-08-09T12:56:00,-20.518352,57.605145,5.4,296,306,FV QUESTIONABLE,,DEMO3,Fishing,under way using engine,25,8,8.0,,A,false
999888003,2020-08-09T12:58:00,-20.517001,57.605672,5.3,298,308,FV QUESTIONABLE,,DEMO3,Fishing,under way using engine,25,8,8.0,,A,false
999888003,2020-08-09T13:00:00,-20.515673,57.606271,5.1,300,310,FV QUESTIONABLE,,DEMO3,Fishing,under way using engine,25,8,8.0,,A,false
999888003,2020-08-09T13:02:00,-20.51437,57.606939,5.0,302,312,FV QUESTIONABLE,,DEMO3,Fishing,under way using engine,25,8,8.0,,A,false
999888003,2020-08-09T13:04:00,-20.513098,57.607676,4.9,304,314,FV QUESTIONABLE,,DEMO3,Fishing,under way using engine,25,8,8.0,,A,false
999888003,2020-08-09T13:06:00,-20.511859,57.608479,4.8,306,316,FV QUESTIONABLE,,DEMO3,Fishing,under way using engine,25,8,8.0,,A,false
999888003,2020-08-09T13:08:00,-20.510657,57.609348,4.6,308,318,FV QUESTIONABLE,,DEMO3,Fishing,under way using engine,25,8,8.0,,A,false
999888003,2020-08-09T13:10:00,-20.509495,57.610279,4.5,310,320,FV QUESTIONABLE,,DEMO3,Fishing,under way using engine,25,8,8.0,,A,false
999888003,2020-08-09T13:12:00,-20.508376,57.611271,4.4,312,322,FV QUESTIONABLE,,DEMO3,Fishing,under way using engine,25,8,8.0,,A,false
999888003,2020-08-09T13:14:00,-20.507305,57.612321,4.3,314,324,FV QUESTIONABLE,,DEMO3,Fishing,under way using engine,25,8,8.0,,A,false
999888003,2020-08-09T13:16:00,-20.506283,57.613425,4.3,316,326,FV QUESTIONABLE,,DEMO3,Fishing,under way using engine,25,8,8.0,,A,false
999888003,2020-08-09T13:18:00,-20.505314,57.614582,4.2,318,328,FV QUESTIONABLE,,DEMO3,Fishing,under way using engine,25,8,8.0,,A,false
999888003,2020-08-09T13:20:00,-20.504399,57.615787,4.1,320,330,FV QUESTIONABLE,,DEMO3,Fishing,under way using engine,25,8,8.0,,A,false
999888003,2020-08-09T13:22:00,-20.503542,57.617038,4.1,322,332,FV QUESTIONABLE,,DEMO3,Fishing,under way using engine,25,8,8.0,,A,false
999888003,2020-08-09T13:24:00,-20.502744,57.618331,4.0,324,334,FV QUESTIONABLE,,DEMO3,Fishing,under way using engine,25,8,8.0,,A,false
999888003,2020-08-09T13:26:00,-20.502007,57.619662,4.0,326,336,FV QUESTIONABLE,,DEMO3,Fishing,under way using engine,25,8,8.0,,A,false
999888003,2020-08-09T13:28:00,-20.501334,57.621027,4.0,328,338,FV QUESTIONABLE,,DEMO3,Fishing,under way using engine,25,8,8.0,,A,false
999888003,2020-08-09T13:30:00,-20.500725,57.622423,4.0,330,340,FV QUESTIONABLE,,DEMO3,Fishing,under way using engine,25,8,8.0,,A,false
999888003,2020-08-09T13:32:00,-20.500181,57.623846,4.0,332,342,FV QUESTIONABLE,,DEMO3,Fishing,under way using engine,25,8,8.0,,A,false
999888003,2020-08-09T13:34:00,-20.499704,57.625291,4.0,334,344,FV QUESTIONABLE,,DEMO3,Fishing,under way using engine,25,8,8.0,,A,false
999888003,2020-08-09T13:36:00,-20.499294,57.626754,4.1,336,346,FV QUESTIONABLE,,DEMO3,Fishing,under way using engine,25,8,8.0,,A,false
999888003,2020-08-09T13:38:00,-20.498951,57.628232,4.1,338,348,FV QUESTIONABLE,,DEMO3,Fishing,under way using engine,25,8,8.0,,A,false
999888003,2020-08-09T13:40:00,-20.498675,57.62972,4.1,340,350,FV QUESTIONABLE,,DEMO3,Fishing,under way using engine,25,8,8.0,,A,false
999888003,2020-08-09T13:42:00,-20.498468,57.631214,4.2,342,352,FV QUESTIONABLE,,DEMO3,Fishing,under way using engine,25,8,8.0,,A,false
999888003,2020-08-09T13:44:00,-20.498327,57.632711,4.3,344,354,FV QUESTIONABLE,,DEMO3,Fishing,under way using engine,25,8,8.0,,A,false
999888003,2020-08-09T13:46:00,-20.498252,57.634206,4.4,346,356,FV QUESTIONABLE,,DEMO3,Fishing,under way using engine,25,8,8.0,,A,false
999888003,2020-08-09T13:48:00,-20.498243,57.635696,4.4,348,358,FV QUESTIONABLE,,DEMO3,Fishing,under way using engine,25,8,8.0,,A,false
999888003,2020-08-09T13:50:00,-20.498298,57.637176,4.5,350,0,FV QUESTIONABLE,,DEMO3,Fishing,under way using engine,25,8,8.0,,A,false
999888003,2020-08-09T13:52:00,-20.498416,57.638644,4.7,352,2,FV QUESTIONABLE,,DEMO3,Fishing,under way using engine,25,8,8.0,,A,false
999888003,2020-08-09T13:54:00,-20.498596,57.640096,4.8,354,4,FV QUESTIONABLE,,DEMO3,Fishing,under way using engine,25,8,8.0,,A,false
999888003,2020-08-09T13:56:00,-20.498835,57.641528,4.9,356,6,FV QUESTIONABLE,,DEMO3,Fishing,under way using engine,25,8,8.0,,A,false
999888003,2020-08-09T13:58:00,-20.499132,57.642937,5.0,358,8,FV QUESTIONABLE,,DEMO3,Fishing,under way using engine,25,8,8.0,,A,false
